section,exercise_number,exercise_text,a,b,c,d,e,f,graphic,answer,solution
"Admitere FA iulie 2002","2002.A.1.","Considerând $R \approx 8,32 \mathrm{~J} / \mathrm{mol} \cdot \mathrm{K}$, căldura specifică la volum constant a unui gaz ideal cu $\mu=32 \cdot 10^{-3} \mathrm{~kg} / \mathrm{mol}$ şi $\gamma=1,4$, este: ( 6 pct.)\\","$100 \mathrm{~J} / \mathrm{kg} \cdot \mathrm{K}$","$600 \mathrm{~J} / \mathrm{kg} \cdot \mathrm{K}$","$650 \mathrm{~J} / \mathrm{kg} \cdot \mathrm{K}$","$500 \mathrm{~J} / \mathrm{kg} \cdot \mathrm{K}$","$700 \mathrm{~J} / \mathrm{kg} \cdot \mathrm{K}$","$800 \mathrm{~J} / \mathrm{kg} \cdot \mathrm{K}$","N/A","c","Căldura specifică la volum constant a unui gaz ideal se poate scrie sub forma $c_{V}=\frac{C_{V}}{\mu}=\frac{R}{\mu(\gamma-1)}=650 \mathrm{~J} / \mathrm{kgK}$. Răspuns corect c.\\"
"Admitere FA iulie 2002","2002.A.2.","Un circuit oscilant format dintr-o bobină şi un condensator variabil este acordat pe lungimea de undă $\lambda_{0}$. Mărind de 4 ori capacitatea condensatorului, lungimea de undă la noua rezonanță devine: ( 6 pct.)\\","$4 \cdot \lambda_{0}$","$2 \cdot \lambda_{0}$","$\lambda_{0} / 2$","$\lambda_{0}$","$0,2 \cdot \lambda_{0}$","$\lambda_{0} / 4$","N/A","b","Lungimea de undă la rezonanță a circuitului oscilant este $\lambda_{0}=\nu T=2 \pi \nu \sqrt{L C}$, iar în cazul măririi capacității condensatorului, $\lambda_{1}=2 \pi \nu \sqrt{4 L C}=2 \lambda_{0}$. Răspuns corect b.\\"
"Admitere FA iulie 2002","2002.A.3.","Mişcarea unui corp este descrisă de ecuația $x=-2 t^{2}+4 t+4$, cu $x$ şi $t$ măsurându-se în unități SI. Viteza medie a mişcării corpului în intervalul $1 \mathrm{~s} \leq t \leq 5 \mathrm{~s}$, este: ( 6 pct.)\\","$-8 \mathrm{~m} / \mathrm{s}$","$+9 \mathrm{~m} / \mathrm{s}$","$+12 \mathrm{~m} / \mathrm{s}$","$-10,5 \mathrm{~m} / \mathrm{s}$","$-4 \mathrm{~m} / \mathrm{s}$","$-3,5 \mathrm{~m} / \mathrm{s}$","N/A","a","Poziția corpului la momentul $t_{1}=1 \mathrm{~s}$ este $x_{1}=6 \mathrm{~m}$, iar la momentul $t_{2}=5 \mathrm{~s}$ este dată de coordonata $x_{2}=-26 \mathrm{~m}$.\\ Viteza medie este egală cu $v_{m}=\frac{x_{2}-x_{1}}{t_{2}-t_{1}}=-8 \mathrm{~m} / \mathrm{s}$. Răspuns corect a.\\"
"Admitere FA iulie 2002","2002.A.4.","Intensitatea curentului alternativ care străbate un circuit serie RLC este $I_{1}=3 \mathrm{~A}$. Dacă rezistența $R$ se consideră nulă, intensitatea curentului prin circuit devine $I_{2}=5 \mathrm{~A}$. Intensitatea curentului prin circuitul RLC, aflat la rezonanță, este: (8 pct.)\\","$3,75 \mathrm{~A}$","$4 \mathrm{~A}$","$8 \mathrm{~A}$","$3 \mathrm{~A}$","$3,5 \mathrm{~A}$","$5,83 \mathrm{~A}$","N/A","a","Din expresiile intensității curentului în cele două cazuri, $I_{1}=\frac{U}{\sqrt{R^{2}+\left(\omega L-\frac{1}{\omega C}\right)^{2}}}$ şi respectiv $I_{2}=\frac{U}{\omega L-\frac{1}{\omega C}}$, rezultă expresia rezistenței electrice, $R=U \sqrt{\frac{1}{I_{1}^{2}}-\sqrt{\frac{1}{I_{2}^{2}}}}$, astfel că valoarea intensității curentului la rezonanță este egală cu:\\ $I_{\text {rez}}=\frac{U}{R}=\frac{1}{\sqrt{\frac{1}{I_{1}^{2}}-\sqrt{\frac{1}{I_{2}^{2}}}}}=3,75 \mathrm{~A}$. Răspuns corect a.\\"
"Admitere FA iulie 2002","2002.A.5.","Un gaz ideal cu exponentul adiabatic $\gamma$ efectuează transformarea descrisă de ecuația $p=\alpha V$, $\alpha$ fiind o constantă, între două stări oarecare (1) şi (2). Căldura molară a gazului în această transformare este: (8 pct.)\\","$\frac{2 R(\gamma-1)}{\gamma+1}$","$\frac{2 R}{\gamma-1}$","$\frac{3 R}{2}$","$R \gamma$","$\frac{R(\gamma+1)}{2(\gamma-1)}$","$\frac{R \gamma}{\gamma-1}$","N/A","e","Ecuația transformării se poate scrie sub forma unei politrope, $p V^{-1}=$ const., a cărui indice este $n=-1=\frac{C-C_{p}}{C-C_{V}}$, de unde căldura molară la gazului în această transformare este egală cu:\\ $C=\frac{1}{2}\left(C_{V}+C_{p}\right)=\frac{1}{2}\left(\frac{R}{\gamma-1}+\frac{\gamma R}{\gamma-1}\right)=\frac{R(\gamma+1)}{2(\gamma-1)}$. Răspuns corect e.\\"
"Admitere FA iulie 2002","2002.A.6.","Un punct material oscilează după legea $y=A \sin (\pi t+\pi / 4)$ (în m). Raportul dintre energiile cinetică şi potențială ale punctului material la momentul $t_{1}=T / 4$ de la pornire, este: ( 8 pct.)\\","$0,5$","$4$","$3$","$0,1$","$1$","$0$","N/A","e","Raportul energiilor cinetică şi potențială la momentul $t_{1}=\frac{T}{4}=\frac{1}{2} \mathrm{~s}$ este egal cu $\frac{E_{c}}{E_{p}}=\operatorname{tg}^{2}\left(\frac{\pi}{2}+\frac{\pi}{4}\right)=1$, unde perioada $T=\frac{2 \pi}{\omega}=2 \mathrm{~s}$. Răspuns corect e.\\"
"Admitere FA iulie 2002","2002.A.7.","Dacă energia unui condensator plan încărcat este $C U^{2} / 2$, densitatea de energie a câmpului electric în dielectricul dintre armăturile condensatorului este: ( 4 pct.)\\","$E^{2} / 2 \varepsilon$","$\mu H^{2} / 2$","$\varepsilon E^{2}$","$\varepsilon_{0} E / 2 \varepsilon$","$\varepsilon E / H$","$\varepsilon E^{2} / 2$","N/A","f","Densitatea de energie electrică înmagazinată în dielectricul condensatorului este $w_{el}=\frac{W_{el}}{V}=\frac{\varepsilon S U^{2}}{2 d^{2} S}=\frac{1}{2} \varepsilon E^{2}$. Răspuns corect f.\\"
"Admitere FA iulie 2002","2002.A.8.","Masa molară a amestecului format din $60 \mathrm{~g}$ de hidrogen ($\mu_{H_{2}}=2 \cdot 10^{-3} \mathrm{~kg} / \mathrm{mol}$) şi $120 \mathrm{~g}$ de dioxid de carbon ($\mu_{\mathrm{CO}_{2}}=44 \cdot 10^{-3} \mathrm{~kg} / \mathrm{mol}$) este: ( 4 pct.)\\","$5 \cdot 10^{-3} \mathrm{~kg} / \mathrm{mol}$","$8 \cdot 10^{-4} \mathrm{~kg} / \mathrm{mol}$","$6 \cdot 10^{-3} \mathrm{~kg} / \mathrm{mol}$","$5,2 \cdot 10^{-3} \mathrm{~kg} / \mathrm{mol}$","$11 \cdot 10^{-3} \mathrm{~kg} / \mathrm{mol}$","$5,5 \cdot 10^{-3} \mathrm{~kg} / \mathrm{mol}$","N/A","f","Masa molară a amestecului de gaze este egală cu:\\ $\mu_{am}=\frac{m_{1}+m_{2}}{v_{1}+v_{2}}=\frac{m_{1}+m_{2}}{\frac{m_{1}}{\mu_{1}}+\frac{m_{2}}{\mu_{2}}}=\frac{\mu_{1} \mu_{2}\left(m_{1}+m_{2}\right)}{m_{1} \mu_{2}+m_{2} \mu_{1}}=5,5 \cdot 10^{-3} \mathrm{~kg} / \mathrm{mol}$.\\ Răspuns corect f.\\"
"Admitere FA iulie 2002","2002.A.9.","Trei baterii identice, legate în serie, alimentează un rezistor cu rezistența de $60 \Omega$. Dacă se scurtcircuitează una dintre baterii, intensitatea curentului electric scade de 1,4 ori. Rezistența internă a fiecărei baterii, este: (4 pct.)\\","$15 \Omega$","$10 \Omega$","$1 \Omega$","$5 \Omega$","$16 \Omega$","$6 \Omega$","N/A","d","Din legea lui Ohm în cele două cazuri, $I_{1}=\frac{3 E}{R+3 r}$ şi respectiv $I_{2}=\frac{I_{1}}{1,4}=\frac{2 E}{R+2 r}$ rezultă pentru rezistența internă valoarea $r=5 \Omega$. Răspuns corect d.\\"
"Admitere FA iulie 2002","2002.A.10.","În cazul unui motor care funcționează după un ciclu Carnot și absoarbe într-un ciclu căldura $Q_{1}=2500 \mathrm{~J}$ de la sursa caldă a cărei temperatură este $t_{1}=227^{\circ} \mathrm{C}$, temperatura sursei reci fiind $t_{2}=27^{\circ} \mathrm{C}$, căldura $\left|Q_{2}\right|$ cedată sursei reci, este: (4 pct.)\\","$1200 \mathrm{~J}$","$1 \mathrm{~kJ}$","$500 \mathrm{~J}$","$1500 \mathrm{~J}$","$0,4 \mathrm{~MJ}$","$2000 \mathrm{~J}$","N/A","d","Într-un ciclu Carnot, $\frac{Q_{1}}{\left|Q_{2}\right|}=\frac{T_{1}}{T_{2}}$, de unde $\left|Q_{2}\right|=1500 \mathrm{~J}$. Răspuns corect d.\\"
"Admitere FA iulie 2002","2002.A.11.","Unitatea de măsură pentru presiune, în SI, este: ( 4 pct.)\\","$\mathrm{Pa}$","$N \cdot m$","$\mathrm{N} / \mathrm{m}$","$\mathrm{atm}$","$\mathrm{torr}$","$\mathrm{at}$","N/A","a","Răspuns corect a.\\"
"Admitere FA iulie 2002","2002.A.12.","Un consumator constă din 20 rezistori cu rezistența $R_{1}=40 \Omega$ fiecare şi 100 rezistori cu $R_{2}=200 \Omega$ fiecare. Rezistorii fiind legați toți în paralel, consumatorul are rezistență electrică totală: ( 4 pct.)\\","$500 \Omega$","$4 \Omega$","$0,5 \Omega$","$1 \Omega$","$240 \Omega$","$3 \Omega$","N/A","d","La legarea în paralel a rezistoarelor, $\frac{1}{R_{ech}}=\frac{n_{1}}{R_{1}}+\frac{n_{2}}{R_{2}}=1$, de unde $R_{\text {ech}}=1 \Omega$. Răspuns corect d.\\"
"Admitere FA iulie 2002","2002.A.13.","Unitatea de măsură pentru capacitatea calorică, în SI, este: (4 pct.)\\","$\mathrm{J} / \mathrm{K}^{2}$","$\mathrm{J}^{2} / \mathrm{K}$","$\mathrm{J} \cdot \mathrm{K}$","$\mathrm{J}$","$\mathrm{J} / \mathrm{kg}$","$\mathrm{J} / \mathrm{K}$","N/A","f","Răspuns corect f.\\"
"Admitere FA iulie 2002","2002.A.14.","Un corp are energia cinetică $E_{c}=20 \mathrm{~J}$. Lucrul mecanic efectuat asupra corpului pentru a-i tripla impulsul, este: ( $\mathbf{4}$ pct.)\\","$60 \mathrm{~J}$","$180 \mathrm{~J}$","$40 \mathrm{~J}$","$2,5 \mathrm{~J}$","$160 \mathrm{~J}$","$160 \mathrm{~W}$","N/A","e","Conform teoremei de variație a energiei cinetice:\\ $L=\Delta E_{c}=\frac{\left(3 p_{1}\right)^{2}}{2} \mathrm{~m}-\frac{p_{1}^{2}}{2} \mathrm{~m}=8 E_{c 1}=160 \mathrm{~J}$, unde am utilizat pentru energia cinetică relația $E_{c}=\frac{1}{2} m v^{2}=\frac{m^{2} v^{2}}{2} \mathrm{~m}=\frac{p^{2}}{2} \mathrm{~m}$. Răspuns corect e.\\"
"Admitere FA iulie 2002","2002.A.15.","Ecuația $V T^{n}=$ const. descrie un proces termodinamic izobar, dacă: (4 pct.)\\","$n=-1$","$n=\frac{\gamma-1}{\gamma}$","$n=\gamma-1$","$n=1$","$n=\gamma$","$n=0$","N/A","a","Transformare izobară se poate scrie sub forma $V T^{-1}=$ const., de unde $n=-1$. Răspuns corect a.\\"
"Admitere FA iulie 2002","2002.A.16.","Un corp legat de un resort cu constanta elastică de $0,8 \pi^{2} \mathrm{~N} / \mathrm{m}$, oscilând cu perioada de $1 \mathrm{~s}$, are masa: (4 pct.)\\","$0,2 \mathrm{~t}$","$1 \mathrm{~g}$","$5 \mathrm{~kg}$","$0,2 \mathrm{~kg}$","$0,15 \mathrm{~kg}$","$1 \mathrm{~kg}$","N/A","d","Din expresia perioadei oscilatorului, $T=2 \pi \sqrt{\frac{m}{k}}$, rezultă masa acestuia:\\ $m=\frac{k T^{2}}{4 \pi^{2}}=0,2 \mathrm{~kg}$. Răspuns corect d.\\"
"Admitere FA iulie 2002","2002.A.17.","Un corp este lansat în sus pe un plan înclinat cu unghiul $\alpha$, pe care se mişcă cu frecare (coeficientul de frecare fiind $\mu$). După oprire, corpul nu va porni înapoi spre baza planului dacă este satisfăcută condiția: (4 pct.)\\","$\mu \geq \sin \alpha$","$\mu \geq \operatorname{tg}^{2} \alpha$","$\mu \geq \frac{1-\sin \alpha}{\cos \alpha}$","$\mu \geq \sin ^{2} \alpha$","$\mu \geq \operatorname{tg} \alpha$","$\mu \geq 0,3$","N/A","e","Din condiția ca $G_{\tan} \leq F_{frec}$ rezultă $\mu \geq \operatorname{tg} \alpha$. Răspuns corect e.\\"
"Admitere FA iulie 2002","2002.A.18.","Unitatea de măsură pentru inductanță, în SI, este: (4 pct.)\\","$\mathrm{C} / \mathrm{m}$","$\mathrm{J}$","$\mathrm{H} / \mathrm{m}$","$\mathrm{H}$","$\mathrm{W}$","$\mathrm{H} \cdot \mathrm{m}$","N/A","d","Răspuns corect d.\\"
"Admitere FA iulie 2003","2003.A.1.","Pe un plan orizontal un corp de masă $m_{1}$ ciocneşte elastic un corp de masă $m_{2}$ aflat în repaus. În urma ciocnirii, cele două corpuri se deplasează cu aceeaşi viteză, în sensuri opuse. Raportul $\frac{m_{2}}{m_{1}}$ este: ( 8 pct.)\\","$3$","$4$","$\frac{1}{3}$","$2$","$7$","$1$","N/A","a","Legile de conservare ale impulsului și energiei cinetice în ciocnirea elastică din enunț se scriu:\\ $m_{1} v+0=-m_{1} v_{1}+m_{2} v_{1}$ şi $\frac{1}{2} m_{1} v^{2}+0=\frac{1}{2} m_{1} v_{1}^{2}+\frac{1}{2} m_{2} v_{1}^{2}$, relații care se mai pot scrie sub forma:\\ $m_{1}\left(v+v_{1}\right)=m_{2} v_{1}$ şi $m_{1}\left(v^{2}-v_{1}^{2}\right)=m_{2} v_{1}^{2}$.\\ După împărțirea ultimelor relații, membru cu membru, obținem că $v=2 v_{1}$. Înlocuind acest rezultat în legea conservării impulsului rezultă raportul $\frac{m_{2}}{m_{1}}=3$. Răspuns corect a.\\"
"Admitere FA iulie 2003","2003.A.2.","Randamentul unei maşini termice, funcționând după un ciclu Carnot cu gaz ideal este $\eta=64 \%$. Raportul (subunitar) al vitezelor termice ale moleculelor de gaz corespunzătoare temperaturilor extreme ale ciclului este: (8 pct.)\\","$0,8$","$0,89$","$0,64$","$0,6$","$0,4$","$0,5$","N/A","d","Din expresia randamentului ciclului Carnot, $\eta=1-\frac{T_{2}}{T_{1}}$ şi expresiile vitezelor termice, $v_{T_{1}}=\sqrt{\frac{3 R T_{1}}{\mu}}$ şi respectiv $v_{T_{2}}=\sqrt{\frac{3 R T_{2}}{\mu}}$, rezultă raportul:\\ $\frac{v_{T_{2}}}{v_{T_{1}}}=\sqrt{\frac{T_{2}}{T_{1}}}=\sqrt{1-\eta}=0,6$. Răspuns corect d.\\"
"Admitere FA iulie 2003","2003.A.3.","Două baterii A şi B cu t. e. m. $E_{A}=6 \mathrm{~V}$ şi $E_{B}=3 \mathrm{~V}$, având rezistențele interne $r_{A}=1 \Omega$, respectiv $r_{B}=2 \Omega$ sunt legate în serie la bornele unui rezistor de rezistență $R$. Pentru ce valoare a rezistenței $R$, tensiunea la bornele bateriei B va fi nulă? (8 pct.)\\","$6 \Omega$","$2 \mathrm{k} \Omega$","$3 \Omega$","$1,5 \Omega$","$2 \Omega$","$3 \mathrm{k} \Omega$","N/A","c","Conform teoremei a doua a lui Kirchhoff, intensitatea curentului prin circuit este egală cu $I=\frac{E_{A}+E_{B}}{r_{A}+r_{B}+R}$, iar din condiția ca tensiunea la bornele bateriei B să fie nulă, adică $U_{B}=E_{B}-I r_{B}=\frac{E_{A}\left(r_{A}+R\right)-E_{B} r_{B}}{r_{A}+r_{B}+R}=0$, rezultă:\\ $R=\frac{E_{A} r_{B}-E_{B} r_{A}}{E_{B}}=3 \Omega$. Răspuns corect c.\\"
"Admitere FA iulie 2003","2003.A.4.","Densitatea unui gaz ideal aflat la temperatura $\mathrm{T}_{1}=300 \mathrm{~K}$ este $\rho_{1}=1 \mathrm{~kg} / \mathrm{m}^{3}$. Care va fi densitatea gazului la temperatura $\mathrm{T}_{2}=400 \mathrm{~K}$, presiunea rămânând constantă? ( 6 pct.)\\","$1,75 \mathrm{~kg} / \mathrm{m}^{3}$","$0,65 \mathrm{~kg} / \mathrm{m}^{3}$","$0,75 \mathrm{~kg} / \mathrm{m}^{3}$","$0,5 \mathrm{~kg} / \mathrm{m}^{3}$","$1,75 \mathrm{~kg} / \mathrm{m}^{3}$","$0,86 \mathrm{~g} / \mathrm{cm}^{3}$","N/A","c","Densitatea gazului ideal la temperatura $T_{1}$ este $\rho_{1}=\frac{p \mu}{R T_{1}}$, iar la temperatura $T_{2}$ este $\rho_{2}=\frac{p \mu}{R T_{2}}$, astfel că $\rho_{2}=0,75 \mathrm{~kg} / \mathrm{m}^{3}$. Răspuns corect c.\\"
"Admitere FA iulie 2003","2003.A.5.","Sub acțiunea unei forțe $\mathrm{F}=25 \mathrm{~N}$, un resort elastic se comprimă cu $\mathrm{x}=4 \mathrm{~cm}$. Ce energie potențială dobândeşte resortul în urma acestei comprimări? ( 6 pct.)\\","$0,5 \mathrm{~J}$","$8 \mathrm{~N} \cdot \mathrm{~m}$","$5 \mathrm{~J}$","$12,5 \mathrm{~J}$","$1 \mathrm{~J}$","$7,4 \mathrm{~N}$","N/A","a","Cu ajutorul expresiei forței elastice, $F=-k x$, putem scrie expresia energiei potențiale, $E_{p}=\frac{1}{2} k x^{2}=\frac{1}{2}|F| x=0,5 \mathrm{~J}$. Răspuns corect a.\\"
"Admitere FA iulie 2003","2003.A.6.","O baterie cu t. e. m. $E=24 \mathrm{~V}$ are curentul de scurtcircuit $I_{s}=60 \mathrm{~A}$. Ce rezistență are un consumator care conectat la această baterie face ca tensiunea la borne să fie $\mathrm{U}=22 \mathrm{~V}$ ? ( 6 pct.)\\","$4,2 \Omega$","$4,4 \Omega$","$8,8 \Omega$","$2,2 \Omega$","$6,5 \Omega$","$3,4 \Omega$","N/A","b","Din expresia intensității curentului de scurtcircuit, $I_{sc}=\frac{E}{r}$, de unde $r=\frac{E}{I_{sc}}$ şi din expresia tensiunii la bornele circuitului, $U=E-I r=\frac{E R}{R+r}$, rezulră $R=\frac{U E}{(E-U) I_{sc}}=4,4 \Omega$. Răspuns corect b.\\"
"Admitere FA iulie 2003","2003.A.7.","Doi moli de gaz cântăresc $64 \mathrm{~g}$. Masa molară a gazului este: ( 4 pct.)\\","$128 \frac{\mathrm{kg}}{\mathrm{kmol}}$","$54 \frac{\mathrm{kg}}{\mathrm{kmol}}$","$12 \frac{\mathrm{g}}{\mathrm{mol}}$","$3,2 \frac{\mathrm{kg}}{\mathrm{kmol}}$","$32 \frac{\mathrm{kg}}{\mathrm{kmol}}$","$38 \frac{\mathrm{kg}}{\mathrm{kmol}}$","N/A","e","Masa molară a gazului este $\mu=\frac{m}{\nu}=32 \cdot 10^{-3} \mathrm{~kg} / \mathrm{mol}$. Răspuns corect e.\\"
"Admitere FA iulie 2003","2003.A.8.","Într-o mişcare uniform încetinită, viteza unui mobil la un anumit moment este de $40 \mathrm{~m} / \mathrm{s}$. Dacă după $8 \mathrm{~s}$ mobilul se opreşte, accelerația de frânare are mărimea: ( 4 pct.)\\","$3,2 \mathrm{~m} / \mathrm{s}^{2}$","$6 \mathrm{~m} / \mathrm{s}^{2}$","$4,8 \mathrm{~m} / \mathrm{s}^{2}$","$0,2 \mathrm{~m} / \mathrm{s}^{2}$","$3 \mathrm{~m} / \mathrm{s}^{2}$","$5 \mathrm{~m} / \mathrm{s}^{2}$","N/A","f","Din ecuația vitezei, $v=v_{0}-a t=0$, rezultă accelerația $a=\frac{v_{0}}{t}=5 \mathrm{~m} / \mathrm{s}^{2}$. Răspuns corect f.\\"
"Admitere FA iulie 2003","2003.A.9.","Inducţia magnetică pe axul unei bobine foarte lungi, parcursă de curent continuu este: ( 4 pct.)\\","$\frac{\mathrm{NI}}{\mu \mathrm{l}}$","$\frac{\mu \mathrm{NI}}{2 \mathrm{R}}$","$\frac{\mu \mathrm{I}}{\mathrm{Nl}}$","$\frac{\mu \mathrm{I}}{2 \mathrm{R}}$","$\frac{\mu \mathrm{NI}}{1}$","$\frac{\mathrm{N}^{2} \mathrm{I}}{\mu \mathrm{l}}$","N/A","e","Răspuns corect e.\\"
"Admitere FA iulie 2003","2003.A.10.","Două bile $A$ şi $B$ de mase $m_{A}=100 \mathrm{~g}$ şi $m_{B}=200 \mathrm{~g}$ se ciocnesc plastic. În urma ciocnirii bilele se opresc. Dacă bila $A$ avea viteza $v_{A}=5 \mathrm{~m} / \mathrm{s}$, bila $B$ avea viteza: ( 4 pct.)\\","$4,5 \mathrm{~m} / \mathrm{s}$","$7,5 \mathrm{~m} / \mathrm{s}$","$2,5 \mathrm{~m} / \mathrm{s}$","$10 \mathrm{~m} / \mathrm{s}$","$10,5 \mathrm{~m} / \mathrm{s}$","$8 \mathrm{~m} / \mathrm{s}$","N/A","c","Din legea de conservare a impulsului în ciocnirea plastică $m_{A} v_{A}-m_{B} v_{B}=0$, rezultă viteza $v_{B}=\frac{m_{A} v_{A}}{m_{B}}=2,5 \mathrm{~m} / \mathrm{s}$. Răspuns corect c.\\"
"Admitere FA iulie 2003","2003.A.11.","În SI puterea se măsoară în (4 pct.)\\","$J$","$J / s^{2}$","$N$","$W$","$J \cdot s$","$N \cdot m$","N/A","d","Răspuns corect d.\\"
"Admitere FA iulie 2003","2003.A.12.","În SI constanta elastică a unui resort are ca unitate de măsură ( 4 pct.)\\","$\mathrm{J} / \mathrm{m}$","$\mathrm{N} \cdot \mathrm{m}$","$\mathrm{N} / \mathrm{m}$","$\mathrm{kg} \cdot \mathrm{m}$","$\mathrm{N} / \mathrm{m}^{2}$","$\mathrm{N} \cdot \mathrm{m}^{2}$","N/A","c","Răspuns corect c.\\"
"Admitere FA iulie 2003","2003.A.13.","Fie un circuit de curent continuu alcătuit dintr-o sursă cu t. e. m. $E=102 \mathrm{~V}$ şi un rezistor cu rezistența $\mathrm{R}=1 \mathrm{k} \Omega$. Dacă tensiunea la borne este $\mathrm{U}=100 \mathrm{~V}$, rezistența internă a sursei are valoarea: ( 4 pct.)\\","$2 \Omega$","$60 \Omega$","$10 \Omega$","$20 \Omega$","$10 \mathrm{k} \Omega$","$20 \mathrm{k} \Omega$","N/A","d","Din expresia tensiunii la bornele circuitului, $U=E-I r=\frac{E R}{R+r}$, rezultă rezistența internă a sursei $r=\frac{(E-U) R}{U}=20 \Omega$. Răspuns corect d.\\"
"Admitere FA iulie 2003","2003.A.14.","Un corp care primeşte căldura $Q=8 \mathrm{~kJ}$ îşi măreşte temperatura cu $\Delta T=40 \mathrm{~K}$. Capacitatea calorică a corpului este: (4 pct.)\\","$420 \mathrm{~J} / \mathrm{K}$","$320 \mathrm{~J} / \mathrm{K}$","$200 \mathrm{~J} / \mathrm{K}$","$3 \cdot 10^{3} \mathrm{~J} / \mathrm{K}$","$50 \mathrm{~J} / \mathrm{K}$","$80 \mathrm{~J} / \mathrm{K}$","N/A","c","Conform definiției, capacitatea calorică a corpului este $C=\frac{Q}{\Delta T}=200 \mathrm{~J} / \mathrm{K}$. Răspuns corect c.\\"
"Admitere FA iulie 2003","2003.A.15.","Expresia forței electromagnetice pentru un conductor filiform rectiliniu parcurs de curent şi aflat în câmp magnetic uniform este: (4 pct.)\\","$I \overrightarrow{1} \cdot \vec{B}$","$I(\overrightarrow{1} \times \vec{B})$","$\vec{I}(\overrightarrow{1} \times \vec{B})$","$\operatorname{IB}^{2} \overrightarrow{1}$","$I(\vec{B} \times \overrightarrow{1})$","$\mathrm{BI}^{2} 1$","N/A","b","Răspuns corect b.\\"
"Admitere FA iulie 2003","2003.A.16.","Se leagă în paralel doi rezistori având rezistențele $R_{1}=6 \mathrm{k} \Omega$ şi $R_{2}=4 \mathrm{k} \Omega$. Rezistența echivalentă este: (4 pct.)\\","$3,5 \mathrm{k} \Omega$","$24 \mathrm{k} \Omega$","$6,2 \mathrm{k} \Omega$","$10 \mathrm{k} \Omega$","$2,4 \mathrm{k} \Omega$","$48 \mathrm{k} \Omega$","N/A","e","La legarea rezistoarelor în paralel, rezistența echivalentă este egală cu:\\ $R_{\text {ech}}=\frac{R_{1} R_{2}}{R_{1}+R_{2}}=2,4 \mathrm{k} \Omega$. Răspuns corect e.\\"
"Admitere FA iulie 2003","2003.A.17.","Randamentul unei maşini termice este: (4 pct.)\\","$\frac{Q_{1}}{L}$","$\frac{L-Q_{1}}{Q_{1}}$","$\frac{Q_{2}}{Q_{1}}$","$Q_{1}-L$","$\frac{L}{Q_{1}}$","$\frac{Q_{1}-L}{L}$","N/A","e","Răspuns corect e.\\"
"Admitere FA iulie 2003","2003.A.18.","Care dintre relațiile de mai jos reprezintă ecuația transformării adiabatice a unui gaz ideal? (4 pct.)\\","$\frac{V}{T}=\text{const.}$","$p V=\text{const.}$","$\frac{p}{T}=\text{const.}$","$\frac{\mathrm{p}_{1} \mathrm{~V}_{1}}{\mathrm{~T}_{1}}=\frac{\mathrm{p}_{2} \mathrm{~V}_{2}}{\mathrm{~T}_{2}}$","$\mathrm{TV}^{\gamma-1}=\text{const.}$","$p V=\nu R T$","N/A","e","Răspuns corect e.\\"
"Admitere FA iulie 2006","2006.A.1.","Produsul dintre temperatura şi densitatea unui gaz ideal este constant în transformarea: ( 6 pct.)\\","generală","în nici un fel de transformare","izotermă","izocoră","adiabată","izobară","N/A","f","Din expresia densității gazului ideal, $\rho=\frac{m}{V}=\frac{p \mu}{R T}$, din condiția ca produsul $\rho T=\frac{p \mu}{R}=$ constant rezultă $p=$ constant, adică o transformare izobară. Răspuns corect f.\\"
"Admitere FA iulie 2006","2006.A.2.","Un conductor cu rezistenţa de $5 \Omega$ este parcurs în 50 de secunde de un număr de $2 \cdot 10^{21}$ electroni. Tensiunea electrică între capetele conductorului este: (sarcina electronului este de $1,6 \cdot 10^{-19} \mathrm{C}$) (6 pct.)\\","$18 \mathrm{~V}$","$2 \mathrm{~V}$","$32 \mathrm{~V}$","$20 \mathrm{~V}$","$40 \mathrm{~V}$","$0,2 \mathrm{~V}$","N/A","c","Intensitatea curentului electric este $I=\frac{N e}{t}=\frac{U}{R}$, de unde tensiunea electrică la capetele conductorului este egală cu $U=\frac{N e R}{t}=32 \mathrm{~V}$. Răspuns corect c.\\"
"Admitere FA iulie 2006","2006.A.3.","Un corp este ridicat vertical în sus cu ajutorul unui fir. Cu ce accelerație trebuie efectuată ridicarea, pentru ca tensiunea din fir să fie egală cu greutatea corpului? ( 6 pct.)\\","$56 \mathrm{~m} / \mathrm{s}^{2}$","$1 \mathrm{~m} / \mathrm{s}^{2}$","$10 \mathrm{~m} / \mathrm{s}^{2}$","$0 \mathrm{~m} / \mathrm{s}^{2}$","$9,8 \mathrm{~m} / \mathrm{s}^{2}$","$g$","N/A","d","La urcarea corpului cu accelerația $a$, conform condiției problemei, tensiunea din fir este egală cu $T=m(g+a)=m g$. Prin urmare, $a=0$. Răspuns corect d.\\"
"Admitere FA iulie 2006","2006.A.4.","O cantitate de gaz ideal monoatomic ($C_{v}=3 R / 2$) se destinde izobar. Raportul dintre lucrul mecanic efectuat şi căldura primită în timpul acestui proces este: ( 8 pct.)\\","$50 \%$","$40 \%$","$1 \%$","$12 \%$","$77 \%$","$41 \%$","N/A","b","Într-o transformare izobară, raportul $\frac{L}{Q}=\frac{\nu R \Delta T}{\nu C_{p} \Delta T}=\frac{R}{C_{p}}=\frac{R}{R+C_{V}}=\frac{2}{5}=40 \%$. Răspuns corect b.\\"
"Admitere FA iulie 2006","2006.A.5.","Se leagă $n$ rezistențe identice, mai întâi în serie și apoi în paralel. Raportul dintre rezistențele echivalente în cele două cazuri este: ( 8 pct.)\\","$\frac{n}{(n+1)^{2}}$","$\frac{n^{2}}{n+1}$","$n$","$n^{2}$","$1 / n$","$1$","N/A","d","La legarea în serie a rezistoarelor, $R_{s}=n R$, iar la legarea în paralel, $R_{p}=\frac{R}{n}$. Prin urmare, raportul $\frac{R_{s}}{R_{p}}=n^{2}$. Răspuns corect d.\\"
"Admitere FA iulie 2006","2006.A.6.","Spațiul total străbătut de un corp în cădere liberă, care în ultimele 4 secunde parcurge $400 \mathrm{~m}$, este ($g=10 \mathrm{~m} / \mathrm{s}^{2}$): ( 8 pct.)\\","$815 \mathrm{~m}$","$370 \mathrm{~m}$","$700 \mathrm{~m}$","$750 \mathrm{~m}$","$740 \mathrm{~m}$","$720 \mathrm{~m}$","N/A","f","Spațiul parcurs de corp în ultimele $t_{1}=4 \mathrm{~s}$ este egal cu:\\ $h=g\left(t-t_{1}\right) t_{1}+\frac{1}{2} g t_{1}^{2}=g t t_{1}-\frac{1}{2} g t_{1}^{2}$, unde $t$ este durata totală de cădere a corpului. Astfel, $t=\frac{2 h+g t_{1}^{2}}{2 g t_{1}}=12 \mathrm{~s}$.\\ Spațiul total de cădere este egal cu $H=\frac{1}{2} g t^{2}=720 \mathrm{~m}$. Răspuns corect f.\\"
"Admitere FA iulie 2006","2006.A.7.","Două fire conductoare drepte, paralele şi foarte lungi se află în aer la distanța de $20 \mathrm{~cm}$ unul de altul. Firele sunt parcurse în acelaşi sens de curenţi egali cu $2 \mathrm{~A}$. Inducţia magnetică la jumătatea distanței dintre fire este (permeabilitatea magnetică a aerului este $\mu_{0}=4 \pi 10^{-7} \mathrm{~N} / \mathrm{A}^{2}$): ( 4 pct.)\\","$8 \cdot 10^{-6} \mathrm{~T}$","$8 \pi \cdot 10^{-6} \mathrm{~T}$","$4 \pi \cdot 10^{-6} \mathrm{~T}$","$2 \pi \cdot 10^{-6} \mathrm{~T}$","$0 \mathrm{~T}$","$4 \cdot 10^{-6} \mathrm{~T}$","N/A","e","La jumătatea distanței dintre conductori, vectorii inducție ai câmpului magnetic produs de cei doi curenți electrici paraleli, egali şi de acelaşi semn sunt egali şi de sens opus, astfel că inducția magnetică totală este nulă. Răspuns corect e.\\"
"Admitere FA iulie 2006","2006.A.8.","Randamentul unei maşini termice ideale care funcționează după un ciclu Carnot este de $20 \%$. Cât devine randamentul dacă temperatura sursei calde creşte de două ori, iar cea a sursei reci rămâne constantă? (4 pct.)\\","$50 \%$","$60 \%$","$90 \%$","$40 \%$","$80 \%$","$55 \%$","N/A","b","Randamentul maşinii termice ideale în cele două cazuri are valoarea, $\eta_{1}=1-\frac{T_{2}}{T_{1}}$ şi respectiv $\eta_{2}=1-\frac{T_{2}}{2 T_{1}}$, de unde $\eta_{2}=\frac{1+\eta_{1}}{2}=0,6=60 \%$. Răspuns corect b.\\"
"Admitere FA iulie 2006","2006.A.9.","Se consideră un circuit format dintr-un rezistor legat la o sursă cu t.e.m. $E=2 \mathrm{~V}$ și cu rezistența internă nenulă. Care este tensiunea pe rezistor ştiind că puterea disipată pe acesta este maximă? (4 pct.)\\","nu se poate calcula","$5 \mathrm{~V}$","$1 \mathrm{~V}$","$1,5 \mathrm{~V}$","$0,1 \mathrm{~V}$","$2 \mathrm{~V}$","N/A","c","Dacă puterea disipată pe rezistența exterioară este maximă, atunci $R=r$ şi tensiunea la borne $U=I R=\frac{E}{2}=1 \mathrm{~V}$, unde intensitatea curentului $I=\frac{E}{2 R}$. Răspuns corect c.\\"
"Admitere FA iulie 2006","2006.A.10.","În SI fluxul magnetic se măsoară în: (4 pct.)\\","$\mathrm{V} / \mathrm{m}$","$\mathrm{Wb}$","$\mathrm{N} / \mathrm{m}$","$\mathrm{N} / \mathrm{A}^{2}$","$\mathrm{T}$","$\mathrm{A} / \mathrm{m}$","N/A","b","Fluxul magnetic se măsoară în $\mathrm{Wb}$. Răspuns corect b.\\"
"Admitere FA iulie 2006","2006.A.11.","Un motociclist se deplasează între două localităţi astfel: pe prima jumătate a distanței cu viteza $v_{1}=20 \mathrm{~m} / \mathrm{s}$, iar pe cealaltă jumătate cu viteza $v_{2}=30 \mathrm{~m} / \mathrm{s}$. Viteza medie a motociclistului pe întreaga distanţă este: (4 pct.)\\","$100 \mathrm{~km} / \mathrm{h}$","$15 \mathrm{~m} / \mathrm{s}$","$18 \mathrm{~m} / \mathrm{s}$","$25 \mathrm{~m} / \mathrm{s}$","$24 \mathrm{~m} / \mathrm{s}$","$70 \mathrm{~km} / \mathrm{h}$","N/A","e","Conform definiției vitezei medii, $v_{m}=\frac{d}{t_{1}+t_{2}}=\frac{d}{\frac{d}{2 v_{1}}+\frac{d}{2 v_{2}}}=\frac{2 v_{1} v_{2}}{v_{1}+v_{2}}=24 \mathrm{~m} / \mathrm{s}$. Răspuns corect e.\\"
"Admitere FA iulie 2006","2006.A.12.","Expresia energiei cinetice pentru un corp de masă $m$ şi viteză $v$ este: (4 pct.)\\","$\frac{m v^{2}}{2}$","$m v^{2}$","$\frac{p^{2}}{m}$","$m v$","$m g v$","$m g h$","N/A","a","Expresia energiei cinetice pentru un corp de masă $m$ și viteză $v$ este $E_{c}=\frac{1}{2} m v^{2}$. Răspuns corect a.\\"
"Admitere FA iulie 2006","2006.A.13.","Un corp atârnat de un resort cu constanta elastică $10 \mathrm{~N} / \mathrm{m}$ produce alungirea $x_{1}$. Acelaşi corp, atârnat de un resort cu constanta elastică $50 \mathrm{~N} / \mathrm{m}$ produce alungirea $x_{2}$. Raportul $x_{2} / x_{1}$ este: ( 4 pct.)\\","$4$","$0,15$","nu se poate calcula","$1 / 50$","$1 / 5$","$0,25$","N/A","e","Din condițiile $m g=k_{1} x_{1}$ şi respectiv $m g=k_{2} x_{2}$ rezultă că $\frac{x_{2}}{x_{1}}=\frac{k_{1}}{k_{2}}=\frac{1}{5}$. Răspuns corect e.\\"
"Admitere FA iulie 2006","2006.A.14.","Un cilindru vertical închis la capete este separat în două compartimente printr-un piston mobil de volum neglijabil. În cele două compartimente se află mase egale din acelaşi gaz ideal, la aceeaşi temperatură $T_{1}$. La echilibru, raportul volumelor celor două compartimente este $n=3$. Care va fi raportul volumelor, dacă temperatura comună creşte la $4 T_{1} / 3$ ? (4 pct.)\\","$\sqrt{2} / 3$","$\sqrt{2}-1$","$\sqrt{2}$","$\sqrt{2}+1$","nu se poate calcula","$2$","N/A","d","În cele două cazuri, diferența între presiunile celor două mase de gaz din compartimentul de jos şi cel de sus este egală cu presiunea exercitată de greutatea pistonului mobil, adică $p_{2}-p_{1}=p_{2}^{\prime}-p_{1}^{\prime}$, unde conform ecuației termice de stare, $p_{1}=\frac{m R T_{1}}{n V}$, $p_{2}=\frac{m R T_{1}}{V}$, $p_{1}^{\prime}=\frac{4 m R T_{1}}{3 x V_{1}}$ şi $p_{2}^{\prime}=\frac{4 m R T_{1}}{3 V_{1}}$. Astfel, $\frac{m R T_{1}}{V}-\frac{m R T_{1}}{n V}=\frac{4 m R T_{1}}{3 V_{1}}-\frac{4 m R T_{1}}{3 x V_{1}}$. Volumul total ocupat de gaz în cele două cazuri este acelaşi, adică $(n+1) V=(x+1) V_{1}$. Eliminând raportul $\frac{V}{V_{1}}$ între cele două relații rezultă ecuația $x^{2}-2 x-1=0$, care are rădăcina pozitivă $x=1+\sqrt{2}$. Răspuns corect d.\\"
"Admitere FA iulie 2006","2006.A.15.","Un fir de nichelină cu rezistivitatea $\rho=4 \cdot 10^{-7} \Omega \cdot \mathrm{~m}$ și secţiunea transversală $S=5 \cdot 10^{-7} \mathrm{~m}^{2}$ este parcurs de un curent cu intensitate $I=0,2 \mathrm{~A}$ atunci când la capetele lui se aplică o tensiune de $3,2 \mathrm{~V}$. Lungimea conductorului este: ( $\mathbf{4}$ pct.)\\","$22 \mathrm{~m}$","$23 \mathrm{~m}$","$18 \mathrm{~m}$","$30 \mathrm{~m}$","$21 \mathrm{~m}$","$20 \mathrm{~m}$","N/A","f","Conform legii lui Ohm, intensitatea curentului prin fir $I=\frac{U}{R}=\frac{U S}{\rho l}$, de unde lungimea firului, $l=\frac{U S}{\rho I}=20 \mathrm{~m}$. Răspuns corect f.\\"
"Admitere FA iulie 2006","2006.A.16.","Lucrul mecanic este o mărime fizică ( 4 pct.)\\","scalară şi se măsoară în $\mathrm{W}$","vectorială şi se măsoară în $\mathrm{W}$","scalară şi se măsoară în $\mathrm{N}$","vectorială şi se măsoară în C.P.","vectorială şi se măsoară în $\mathrm{J}$","scalară şi se măsoară în $\mathrm{J}$","N/A","f","Lucrul mecanic este o mărime fizică scalară şi se măsoară în $\mathrm{J}$. Răspuns corect f.\\"
"Admitere FA iulie 2006","2006.A.17.","În ce transformare a gazului ideal, variaţia energiei interne este nulă? (4 pct.)\\","Adiabată","Izobară","Izotermă","Generală","Nu există o astfel de transformare","Izocoră","N/A","c","Din condiția ca variația energiei interne să fie nulă, adică $\Delta U=\nu C_{V} \Delta T=0$, rezultă că $\Delta T=0$, adică $T=$ constant, ceea ce se întâmplă într-o transformare izotermă. Răspuns corect c.\\"
"Admitere FA iulie 2006","2006.A.18.","În SI unitatea de măsură pentru căldura specifică la presiune constantă este: (4 pct.)\\","$\frac{\mathrm{J}}{\mathrm{kg} \cdot \mathrm{K}}$","$\frac{\mathrm{J}}{\mathrm{K}}$","$\frac{\mathrm{J}}{\mathrm{kg}}$","$\frac{\mathrm{Pa}}{\mathrm{kg} \cdot \mathrm{K}}$","$\frac{\mathrm{J}}{\mathrm{Pa}}$","$\frac{\mathrm{J}}{\mathrm{mol} \cdot \mathrm{K}}$","N/A","a","Conform definiției, căldura specifică este egală cu $c=\frac{Q}{m \Delta T}$ şi se măsoară în $\frac{\mathrm{J}}{\mathrm{kg} \mathrm{K}}$. Răspuns corect a.\\"
"Admitere F iulie 2007","2007.A.1.","Rezistența circuitului exterior al unei baterii cu tensiunea electromotoare de $1,5 \mathrm{~V}$ este de $2 \Omega$. Dacă tensiunea la bornele bateriei este de $1 \mathrm{~V}$ atunci valoarea rezistenței sale interne este: ( 4 pct.)\\","$4 \Omega$","$0,1 \Omega$","$1,1 \Omega$","$0,5 \Omega$","$1 \Omega$","$2 \Omega$","N/A","e","Din expresia tensiunii la borne, $U=\frac{E R}{R+r}$, rezistența internă a sursei este $r=\frac{R(E-U)}{U}=1 \Omega$. Răspuns corect e.\\"
"Admitere F iulie 2007","2007.A.2.","Un gaz ideal are indicele adiabatic $1,4$. Căldurile molare la volum şi respectiv presiune constantă sunt: (4 pct.)\\","$\frac{3}{2} R$, $\frac{5}{2} R$","$\frac{2}{5} R$, $\frac{2}{7} R$","$\frac{2}{3} R$, $\frac{2}{5} R$","$\frac{1}{3} R$, $\frac{1}{4} R$","$\frac{5}{2} R$, $\frac{7}{2} R$","$3 R$, $4 R$","N/A","e","$C_{V}=\frac{R}{\gamma-1}=\frac{5}{2} R$ şi $C_{p}=\frac{\gamma R}{\gamma-1}=\frac{7}{2} R$. Răspuns corect e.\\"
"Admitere F iulie 2007","2007.A.3.","Expresia forței de interacţiune dintre două conductoare paralele, foarte lungi, parcurse de curenți electrici (forţa electrodinamică) este: (4 pct.)\\","$F=\mu \frac{I_{1} l}{2 \pi d I_{2}}$","$F=\mu \frac{I_{1} I_{2} l}{d}$","$F=\mu \frac{I_{1} I_{2} l}{4 \pi d}$","$F=\mu \frac{I_{1} I_{2} l}{2 \pi \sqrt{d}}$","$F=\mu \frac{I_{1} I_{2} l}{2 \pi d}$","$F=\mu \frac{2 \pi d}{I_{1} I_{2} l}$","N/A","e","Răspuns corect e.\\"
"Admitere F iulie 2007","2007.A.4.","Atunci când un vehicul se deplasează cu viteza constantă de $15 \mathrm{~km} / \mathrm{h}$, motorul său dezvoltă o putere de $15 \mathrm{~kW}$. Forța de rezistență pe care o întâmpină vehiculul este: ( 4 pct.)\\","$300 \mathrm{~N}$","$360 \mathrm{~N}$","$250 \mathrm{~N}$","$3,6 \mathrm{~kN}$","$1,2 \mathrm{~kN}$","$100 \mathrm{~N}$","N/A","d","Viteza fiind constantă, $F_{\text {trac}}=F_{\text {rez}}=\frac{P}{v}$, de unde $F_{\text {rez}}=3,6 \cdot 10^{3} \mathrm{~N}$. Răspuns corect d.\\"
"Admitere F iulie 2007","2007.A.5.","Un conductor de lungime $100 \mathrm{~m}$ și diametru $1 \mathrm{~mm}$ are rezistenţa electrică de $56 \Omega$. Rezistivitatea materialului din care este confectionat conductorul este: ( 4 pct.)\\","$3 \pi \cdot 10^{-8} \Omega \cdot \mathrm{~m}$","$14 \pi \cdot 10^{-7} \Omega \cdot \mathrm{~m}$","$2 \pi \cdot 10^{-8} \Omega \cdot \mathrm{~m}$","$14 \pi \cdot 10^{-8} \Omega \cdot \mathrm{~m}$","$7 \pi \cdot 10^{-7} \Omega \cdot \mathrm{~m}$","$4 \pi \cdot 10^{-8} \Omega \cdot \mathrm{~m}$","N/A","d","Din expresia rezistenței electrice, $R=\rho \frac{l}{S}$, rezistivitatea este:\\ $\rho=14 \pi \cdot 10^{-8} \Omega \mathrm{~m}=43,98 \cdot 10^{-8} \Omega \mathrm{~m}$. Răspuns corect d.\\"
"Admitere F iulie 2007","2007.A.6.","Prin încălzirea cu $10 \mathrm{~K}$ a unui gaz ideal închis într-un recipient de volum constant, presiunea sa creşte de 10 ori. Temperatura inițială a gazului este: ( 4 pct.)\\","$11 \mathrm{~K}$","$\frac{27}{13} \mathrm{~K}$","$\frac{10}{7} \mathrm{~K}$","$117 \mathrm{~K}$","$\frac{10}{9} \mathrm{~K}$","$\frac{8}{3} \mathrm{~K}$","N/A","e","Din ecuația transformării izocore, $\frac{p}{T}=\frac{10 p}{T+\Delta T}$, rezultă $T=\frac{10}{9} \mathrm{~K}$. Răspuns corect e.\\"
"Admitere F iulie 2007","2007.A.7.","Un mol de gaz ideal monoatomic se destinde după legea $T V^{-2}=a$ ($a$ este o constantă pozitivă). Căldura sa molară în timpul acestui proces are valoarea: (8 pct.)\\","$0,5 R$","$2 R$","$4 R$","$\frac{5}{2} R$","$R$","$\frac{3}{2} R$","N/A","b","În coordonate ($p, V$), ecuația transformării se scrie $p V^{-1}=b$, care este ecuația unei politrope cu indicele $n=-1$. Dar, $n=\frac{C-C_{p}}{C-C_{V}}=-1$, de unde rezultă $C=\frac{C_{p}+C_{V}}{2}=2 R$, sau, conform definiției căldurii molare:\\ $C=\frac{Q}{\nu \Delta T}=\frac{L+\Delta U}{\nu \Delta T}=\frac{\frac{\left(p_{1}+p_{2}\right)}{2}\left(V_{2}-V_{1}\right)+\nu C_{V} \Delta T}{\nu \Delta T}= \\ =\frac{p_{2} V_{2}-p_{1} V_{1}}{2 \nu \Delta T}+C_{V}=\frac{R}{2}+C_{V}=2 R$, deoarece, conform ecuației transformării, $p_{1} V_{2}=p_{2} V_{1}$. Răspuns corect b.\\"
"Admitere F iulie 2007","2007.A.8.","Un obiect este aruncat vertical în sus. În momentul în care ajunge la jumătate din înălțimea maximă are o viteză de $10 \mathrm{~m} / \mathrm{s}$. Dacă $g=10 \mathrm{~m} / \mathrm{s}^{2}$, înălțimea maximă este: ( 8 pct.)\\","$10 \mathrm{~m}$","$100 \mathrm{~m}$","$15 \mathrm{~m}$","$25 \mathrm{~m}$","$5 \mathrm{~m}$","$20 \mathrm{~m}$","N/A","a","Conform formulei lui Galilei, $h=\frac{v_{0}^{2}}{2 g}$ şi $\frac{h}{2}=\frac{v_{0}^{2}-v^{2}}{2 g}$, de unde $h=\frac{v^{2}}{g}=10 \mathrm{~m}$. Răspuns corect a.\\"
"Admitere F iulie 2007","2007.A.9.","Prin conectarea unui rezistor având rezistenţa de $1,4 \mathrm{k} \Omega$ la o sursă de curent continuu, intensitatea curentului prin circuit devine de 29 ori mai mică decât intensitatea curentului de scurtcircuit. Rezistența internă a sursei este: (8 pct.)\\","$0,1 \Omega$","$5 \Omega$","$1 \Omega$","$10 \Omega$","$50 \Omega$","$2 \Omega$","N/A","e","Conform condiției din enunț, $\frac{E}{R+r}=\frac{E}{29 r}$, de unde rezistența internă:\\ $r=\frac{R}{28}=50 \Omega$. Răspuns corect e.\\"
"Admitere F iulie 2007","2007.A.10.","Două becuri electrice pe care scrie $40 \mathrm{~W}$, $220 \mathrm{~V}$ și $100 \mathrm{~W}$, $220 \mathrm{~V}$ sunt legate în serie şi alimentate la tensiunea de $220 \mathrm{~V}$. Puterea consumată în total de cele două becuri este: ( 6 pct.)\\","$\frac{200}{7} \mathrm{~W}$","$\frac{220}{7} \mathrm{~W}$","$\frac{100}{7} \mathrm{~W}$","$\frac{500}{7} \mathrm{~W}$","$\frac{400}{7} \mathrm{~W}$","$\frac{120}{7} \mathrm{~W}$","N/A","a","$P_{\max}=\frac{U^{2}}{R_{1}+R_{2}}=\frac{U^{2}}{\frac{U^{2}}{P_{1}}+\frac{U^{2}}{P_{2}}}=\frac{P_{1} P_{2}}{P_{1}+P_{2}}=\frac{200}{7} \mathrm{~W}$. Răspuns corect a.\\"
"Admitere F iulie 2007","2007.A.11.","Un corp cu masa de $2 \mathrm{~kg}$ este lansat în sus de-a lungul unui plan înclinat cu viteza inițială de $4 \mathrm{~m} / \mathrm{s}$. Corpul revine la baza planului înclinat cu o viteză egală cu jumătate din viteza inițială. Valoarea absolută a lucrului mecanic efectuat în timpul mişcării de forţa de frecare dintre corp şi plan este: ( 6 pct.)\\","$15 \mathrm{~J}$","$8 \mathrm{~J}$","$12 \mathrm{~J}$","$16 \mathrm{~J}$","$4 \mathrm{~J}$","$10 \mathrm{~J}$","N/A","N/A","Conform teoremei de variație a energiei cinetice:\\ $L_{\text {frec}}=\Delta E_{c}=\frac{m}{2}\left(v^{2}-\frac{v^{2}}{4}\right)=\frac{3}{8} m v^{2}=12 \mathrm{~J}$. Räspuns corect c.\\"
"Admitere F iulie 2007","2007.A.12.","Ecuația de mişcare a unui mobil este $x(t)=2+6 t-t^{2}$, în care mărimile fizice sunt exprimate în SI. După cât timp viteza mobilului este egală cu o treime din viteza sa inițială? ( 6 pct.)\\","$1,5 \mathrm{~s}$","$10 \mathrm{~s}$","$1 \mathrm{~s}$","$3 \mathrm{~s}$","$4 \mathrm{~s}$","$2 \mathrm{~s}$","N/A","f","Ecuația vitezei este $v=x_{t}^{\prime}=6-2 t=2$, de unde $t=2 \mathrm{~s}$. Răspuns corect f.\\"
"Admitere F iulie 2007","2007.A.13.","Un corp cu masa de $50 \mathrm{~kg}$ este tras pe o suprafaţă orizontală de către o forță $F$ care acționează sub unghiul $\alpha=60^{\circ}$ faţă de verticală. Dacă corpul se deplasează cu frecare, având viteza constantă şi sunt cunoscute valorile $g=10 \mathrm{~m} / \mathrm{s}^{2}$, $\mu=\frac{\sqrt{3}}{7}$, atunci valoarea forței $F$ este: ( 4 pct.)\\","$250 \mathrm{~N}$","$225 \mathrm{~N}$","$150 \mathrm{~N}$","$500 \mathrm{~N}$","$125 \mathrm{~N}$","$100 \mathrm{~N}$","N/A","e","Din condiția de echilibru a forțelor, $F \sin \alpha=\mu(m g-F \cos \alpha)$, rezultă:\\ $F=\frac{\mu m g}{\sin \alpha+\mu \cos \alpha}=125 \mathrm{~N}$. Răspuns corect e.\\"
"Admitere F iulie 2007","2007.A.14.","Legea inducției electromagnetice are următoarea expresie: ( 4 pct.)\\","$e=-\Delta \Phi \cdot \Delta t$","$e=\sqrt{\frac{\Delta \Phi}{\Delta t}}$","$e=-\frac{1}{2} \frac{\Delta \Phi}{\Delta t}$","$e=\frac{1}{2} \frac{\Delta \Phi}{\Delta t}$","$e=-\frac{\Delta \Phi}{\Delta t}$","$e=\frac{\Delta \Phi}{\Delta t}$","N/A","e","Răspuns corect e.\\"
"Admitere F iulie 2007","2007.A.15.","Impulsul unui corp este de $10 \mathrm{~N} \cdot \mathrm{s}$, iar energia sa cinetică de $10 \mathrm{~J}$. Masa corpului este: ( 4 pet.)\\","$6 \mathrm{~kg}$","$1 \mathrm{~kg}$","$14 \mathrm{~kg}$","$10 \mathrm{~kg}$","$15 \mathrm{~kg}$","$5 \mathrm{~kg}$","N/A","f","Energia cinetică, $E_{c}=\frac{m v^{2}}{2}=\frac{p^{2}}{2 ~m}$, de unde $m=\frac{p^{2}}{2 E_{c}}=5 \mathrm{~kg}$. Răspuns corect f.\\"
"Admitere F iulie 2007","2007.A.16.","Unitatea de măsură pentru randament este: ( 4 pct.)\\","$\frac{\mathrm{J} \cdot \mathrm{s}}{\mathrm{kg} \cdot \mathrm{m}}$","$\frac{\mathrm{J} \cdot \mathrm{s}^{2}}{\mathrm{~kg} \cdot \mathrm{m}^{2}}$","$\mathrm{W}$","$\mathrm{J} \cdot \mathrm{s}$","$\frac{\mathrm{N} \cdot \mathrm{m}}{\mathrm{J} \cdot \mathrm{s}}$","$\mathrm{J}$","N/A","b","Randamentul este adimensional. Răspuns corect b.\\"
"Admitere F iulie 2007","2007.A.17.","Dacă $L$ este lucrul mecanic efectuat de o sursă electrică pentru deplasarea sarcinii $q$ pe întregul circuit, atunci definiţia tensiunii electromotoare a sursei este: ( 4 pct.)\\","$E=\sqrt{\frac{L}{q}}$","$E=\frac{L}{q}$","$E=L \cdot q$","$E=\frac{L}{q^{2}}$","$E=\frac{L}{\sqrt{q}}$","$E=L \cdot q^{2}$","N/A","b","Răspuns corect b.\\"
"Admitere F iulie 2007","2007.A.18.","Un solenoid cu lungimea de $10 \mathrm{~cm}$ având 1000 spire şi permeabilitatea magnetică a miezului $\mu_{0}=4 \pi \cdot 10^{-7} \mathrm{~N} / \mathrm{A}^{2}$, este parcurs de un curent cu intensitatea de $1 \mathrm{~A}$. Inducția câmpului magnetic în interiorul său este: ( 4 pct.)\\","$0,001 \mathrm{~T}$","$4 \pi \cdot 10^{-5} \mathrm{~T}$","$4 \pi \cdot 10^{-4} \mathrm{~T}$","$4 \pi \cdot 10^{-3} \mathrm{~T}$","$0,02 \mathrm{~T}$","$4 \pi \cdot 10^{-7} \mathrm{~T}$","N/A","d","$B=\mu_{0} \frac{N I}{l}=4 \pi \cdot 10^{-3} \mathrm{~T}$. Răspuns corect d.\\"
"Admitere F1 iulie 2009","2009.A.1.","Un mobil pleacă din repaus și se mişcă rectiliniu uniform accelerat. În secunda $n$ a mişcării mobilul parcurge o distanță de 3 ori mai mare decât în secunda anterioară. Valoarea lui $n$ este: (5 pct.)\\","$2$","$5$","$6$","$4$","$10$","$3$","N/A","a","Spaţiul parcurs în a $n$-a secundă este egal cu diferenţa dintre spaţiul parcurs în $n$ secunde şi spaţiul parcurs în $n-1$ secunde, adică:\\ $s_{n}=\frac{1}{2} a n^{2}-\frac{1}{2} a(n-1)^{2}=\frac{1}{2} a(2 n-1)$;\\ Spaţiul parcurs în a $n-1$-a secundă este egal cu diferenţa dintre spaţiul parcurs în $n-1$ secunde şi spaţiul parcurs în $n-2$ secunde, adică:\\ $s_{n-1}=\frac{1}{2} a(n-1)^{2}-\frac{1}{2} a(n-2)^{2}=\frac{1}{2} a(2 n-3)$.\\ Din condiţia ca $s_{n}=3 s_{n-1}$, adică $2 n-1=3(2 n-3)$, rezultă $n=2$. Răspuns corect a.\\"
"Admitere F1 iulie 2009","2009.A.2.","Un automobil, având viteza de $10 \mathrm{~m} / \mathrm{s}$ la baza unei pante de înclinare $3^{\circ}$ urcă panta fară motor. Știind coeficientul de frecare $\mu=0,05$ şi considerând $g=10 \mathrm{~m} / \mathrm{s}^{2}$, $\sin 3^{\circ} \approx 0,05$, $\cos 3^{\circ} \approx 1$, timpul după care viteza mobilului devine $5 \mathrm{~m} / \mathrm{s}$ este: ( 5 pct.)\\","$5 \mathrm{~s}$","$10 \mathrm{~s}$","$15 \mathrm{~s}$","$1 \mathrm{~min}$","$6 \mathrm{~s}$","$9 \mathrm{~s}$","N/A","a","La urcarea pe planul înclinat fără motor, acceleraţia mobilului este negativă (mişcare uniform încetinită), adică:\\ $a=-g(\sin \alpha+\mu \cos \alpha)=-1 \frac{m}{s^{2}}$;\\ Din ecuaţia vitezei $v=v_{0}+a t$, rezultă:\\ $t=\frac{v-v_{0}}{a}=5 \mathrm{~s}$. Răspuns corect a.\\"
"Admitere F1 iulie 2009","2009.A.3.","Viteza cu care trebuie aruncat pe verticală un corp de la înălțimea de $45 \mathrm{~m}$ pentru a ajunge pe sol cu o secundă mai târziu decât în cădere liberă este ($g=10 \mathrm{~m} / \mathrm{s}^{2}$): ( 5 pct.)\\","$1 \mathrm{~m} / \mathrm{s}$ în sus","$5 \mathrm{~m} / \mathrm{s}$ în jos","$2 \mathrm{~m} / \mathrm{s}$ în sus","$8,75 \mathrm{~m} / \mathrm{s}$ în jos","$3 \mathrm{~m} / \mathrm{s}$ în jos","$75 \mathrm{~m} / \mathrm{s}$ în sus","N/A","f","Corpul trebuie aruncat în sus pentru ca acesta să ajungă pe sol mai târziu decât dacă ar fi lăsat să cadă liber. Condiţia problemei se scrie sub forma $t_{1}=t_{2}+1$, unde $t_{1}$ este intervalul de timp în care corpul aruncat în sus ajunge la sol, iar $t_{2}$ este intervalul de timp în care corpul lăsat liber ajunge la sol.\\ Intervalul de timp $t_{1}$ este compus din durata necesară corpului să ajungă la înălţimea maximă, adică $\frac{v_{0}}{g}$ şi durata căderii libere a corpului de la înălţimea maximă până la nivelul solului, adică $\sqrt{\frac{2}{g}\left(\frac{v_{0}^{2}}{2 g}+h\right)}$, $h$ fiind înălţimea de la care este aruncat corpul. Intervalul de timp $t_{2}=\sqrt{\frac{2 h}{g}}=3 \mathrm{~s}$.\\ Astfel, ecuaţia problemei devine:\\ $\frac{v_{0}}{g}+\sqrt{\frac{2}{g}\left(\frac{v_{0}^{2}}{2 g}+h\right)}=4$, din care rezultă că $v_{0}=8,75 \frac{m}{s}$, în sus. Răspuns corect f.\\"
"Admitere F1 iulie 2009","2009.A.4.","Un automobil are în momentul începerii frânării viteza de $20 \mathrm{~m} / \mathrm{s}$. Considerând coeficientul de frecare dintre roți şi şosea $\mu=0,4$ şi $g=10 \mathrm{~m} / \mathrm{s}^{2}$, spațiul de frânare până la oprire este: ( 5 pct.)\\","$25 \mathrm{~m}$","$90 \mathrm{~m}$","$60 \mathrm{~m}$","$50 \mathrm{~m}$","$100 \mathrm{~m}$","$15 \mathrm{~m}$","N/A","d","Acceleraţia de frânare este egală cu $a=\frac{F_{\text {frec}}}{m}=-\mu g$, iar din formula lui Galilei în care viteza finală este nulă, rezultă:\\ $d=\frac{v_{0}^{2}}{2 \mu}=50 \mathrm{~m}$.\\ Răspuns corect d.\\"
"Admitere F1 iulie 2009","2009.A.5.","În cursul unui proces termodinamic în care presiunea este invers proporțională cu pătratul volumului, temperatura unui gaz ideal scade de 3 ori. În acest proces volumul gazului: ( 5 pct.)\\","scade de 2 ori","creşte de 9 ori","rămâne constant","creşte de 3 ori","scade de 3 ori","scade de 9 ori","N/A","d","Ecuaţia transformării $p V^{2}=a$ se mai poate scrie sub forma $T V=b$, sau $T_{1} V_{1}=T_{2} V_{2}$, adică $\frac{V_{2}}{V_{1}}=\frac{T_{1}}{T_{2}}=3$. Răspuns corect d.\\"
"Admitere F1 iulie 2009","2009.A.6.","Un gaz ideal monoatomic $\left(C_{V}=\frac{3}{2} R\right)$ se destinde după legea $p=a \cdot V$ cu $a=$ constant. Căldura molară în această transformare este: (5 pct.)\\","$6 R$","$2 R$","$0,5 R$","$R$","$3 R$","$5 R$","N/A","b","Conform definiţiei, căldura molară este egală cu:\\ $C=\frac{Q}{\nu \Delta T}=\frac{L+\Delta U}{\nu \Delta T}=\frac{\operatorname{aria}+\nu C_{V} \Delta T}{\nu \Delta T}=\frac{\frac{1}{2}\left(p_{1}+p_{2}\right)\left(V_{1}+V_{2}\right)}{\nu\left(T_{2}-T_{1}\right)}+C_{V}= \\ =\frac{p_{2} V_{2}-p_{1} V_{1}}{2 \nu\left(\frac{p_{2} V_{2}}{\nu R}-\frac{p_{1} V_{1}}{\nu R}\right)}+\frac{3}{2} R=2 R$, unde am ţinut cont de ecuaţia transformării $p_{1} V_{1}=p_{2} V_{2}$ şi am calculat lucrul mecanic ca aria de sub dreapta cu ecuaţia $p=a V$ în coordonate $(p, V)$. Răspuns corect b.\\"
"Admitere F1 iulie 2009","2009.A.7.","Unitatea de măsură a forţei în S. I. este: (5 pct.)\\","$\mathrm{kg} \cdot \mathrm{m}^{2} \cdot \mathrm{s}^{-2}$","$\mathrm{N} \cdot \mathrm{m}$","$\mathrm{N}$","$\mathrm{N} / \mathrm{m}^{2}$","$\mathrm{kg} \cdot \mathrm{m} \cdot \mathrm{s}^{-1}$","$\mathrm{m} \cdot \mathrm{s}^{-2}$","N/A","c","Răspuns corect c.\\"
"Admitere F1 iulie 2009","2009.A.8.","Unitatea de măsură în S. I. a căldurii specifice este: (5 pct.)\\","$\mathrm{J} / \mathrm{kg}$","$\mathrm{J} /(\mathrm{mol} \cdot \mathrm{K})$","$\mathrm{J}$","$\mathrm{J} / \mathrm{K}$","$\mathrm{J} \cdot \mathrm{K}$","$\mathrm{J}(\mathrm{kg} \cdot \mathrm{K})$","N/A","f","Răspuns corect f.\\"
"Admitere F1 iulie 2009","2009.A.9.","Utilizând notațiile din manualele de fizică, expresia legii lui Hooke este: (5 pct.)\\","$\sigma=\frac{\varepsilon}{E}$","$\frac{\Delta l}{l_{0}}=\frac{1}{E} \frac{F}{S_{0}}$","$F=-k x^{2}$","$\Delta l \cdot l_{0}=E \frac{F}{S_{0}}$","$\Delta l=E I_{0} \frac{S_{0}}{F}$","$F=m \cdot a$. Răspuns corect b","N/A","b",""
"Admitere F1 iulie 2009","2009.A.10.","Într-un circuit simplu, tensiunea la bornele bateriei este de $3 \mathrm{~V}$. Mărind rezistența exterioară de 3 ori, tensiunea la borne creşte cu $20 \%$. În aceste condiții t. e. m. a bateriei este: ( 5 pct.)\\","$12 \mathrm{~V}$","$10 \mathrm{~V}$","$4 \mathrm{~V}$","$20 \mathrm{~V}$","$15 \mathrm{~V}$","$9 \mathrm{~V}$","N/A","c","Din expresia tensiunii la borne $U=I R=\frac{E R}{R+r}$ şi $1,2 U=\frac{3 E R}{3 R+r}$, rezultă $r=\frac{R}{3}$ şi $E=\frac{U(R+r)}{R}=4 \mathrm{~V}$. Răspuns corect c.\\"
"Admitere F1 iulie 2009","2009.A.11.","Utilizând notațiile din manualele de fizică, expresia principiului întâi al termodinamicii este: (5 pct.)\\","$C_{p}-C_{V}=R$","$\eta=\frac{T_{1}-T_{2}}{T_{1}}$","$\Delta U=Q / L$","$\eta=\frac{Q_{1}-\left|Q_{2}\right|}{Q_{1}}$","$\Delta U=Q-L$","$\Delta Q=U+L$","N/A","e","Răspuns corect e.\\"
"Admitere F1 iulie 2009","2009.A.12.","Două conductoare cu aceeaşi secțiune transversală având rezistivitățile la o temperatură de referință $\rho_{01}=6 \cdot 10^{-5} \quad \Omega \cdot \mathrm{m}$ şi respectiv $\rho_{02}=3 \cdot 10^{-6} \quad \Omega \cdot \mathrm{m}$ şi coeficienții termici ai rezistivității $\alpha_{1}=-5 \cdot 10^{-4} \operatorname{grad}^{-1}$ şi respectiv $\alpha_{2}=4 \cdot 10^{-4} \operatorname{grad}^{-1}$ se leagă în serie. Se neglijează efectele de dilatare termică. Lungimea primului conductor este $l_{1}=1 \mathrm{~m}$. Pentru ca rezistența grupării să nu varieze cu temperatura, lungimea $l_{2}$ a celui de-al doilea conductor este: ( 5 pct.)\\","$5 \mathrm{~m}$","$100 \mathrm{~m}$","$25 \mathrm{~m}$","$2 \mathrm{~m}$","$80 \mathrm{~m}$","$50 \mathrm{~m}$","N/A","c","Conform condiţiei problemei,\\ $R_{01}+R_{02}=R_{t 1}+R_{t 2}$ sau $R_{01}+R_{02}=R_{01}\left(1+\alpha_{1} t\right)+R_{02}\left(1+\alpha_{2} t\right)$, de unde $R_{01} \alpha_{1}=-R_{02} \alpha_{2}$ sau $\rho_{01} \frac{l_{1}}{S} \alpha_{1}=-\rho_{02} \frac{l_{12}}{S} \alpha_{2}$, adică $l_{2}=-\frac{\rho_{01} l_{1} \alpha_{1}}{\rho_{02} \alpha_{2}}=25 \mathrm{~m}$. Răspuns corect c.\\"
"Admitere F1 iulie 2009","2009.A.13.","Un generator produce aceeaşi putere electrică într-un rezistor cu rezistența de $9 \Omega$ sau într-un rezistor cu rezistența de $16 \Omega$. Rezistența internă a generatorului este: ( 5 pct.)\\","$4 \Omega$","$12 \Omega$","$6 \Omega$","$10 \Omega$","$24 \Omega$","$2 \Omega$","N/A","b","Conform condiţiei problemei,\\ $I_{1}^{2} R_{1}=I_{2}^{2} R_{2}$ sau $\frac{E^{2} R_{1}}{\left(R_{1}+r\right)^{2}}=\frac{E^{2} R_{1}}{\left(R_{2}+r\right)^{2}}$, adică $R_{1}\left(R_{2}+r\right)^{2}=R_{2}\left(R_{1}+r\right)^{2}$, de unde $r=\sqrt{R_{1} R_{2}}=12 \Omega$. Răspuns corect b.\\"
"Admitere F1 iulie 2009","2009.A.14.","Unitatea de măsură a rezistivității electrice în S. I. este: (5 pct.)\\","$\mathrm{V}$","$\Omega \cdot \mathrm{m}$","$\Omega$","$\Omega / \mathrm{m}$","$\mathrm{A}$","$\Omega \cdot m^{2}$","N/A","b","Răspuns corect b.\\"
"Admitere F1 iulie 2009","2009.A.15.","Printr-un conductor de lungime $100 \mathrm{~m}$ şi sectiune $1 \mathrm{~mm}^{2}$ trece un curent de $1,6 \mathrm{~A}$ dacă la capetele lui se aplică o tensiune de $4 \mathrm{~V}$. Rezistivitatea materialului din care este confecționat conductorul este: (5 pct.)\\","$2 \cdot 10^{-8}$","$2,5 \cdot 10^{-6} \Omega \cdot \mathrm{m}$","$4 \cdot 10^{-8} \Omega \cdot \mathrm{m}$","$2,5 \cdot 10^{-8} \Omega \cdot \mathrm{m}$","$3 \cdot 10^{-8} \Omega$","$5 \cdot 10^{-8} \Omega / \mathrm{m}$","N/A","d","Din legea lui Ohm, $U=I R=I \frac{\rho l}{S}$ rezultă $\rho=\frac{U S}{I l}=2,5 \cdot 10^{-8} \Omega \cdot \mathrm{m}$. Răspuns corect d.\\"
"Admitere F1 iulie 2009","2009.A.16.","O maşină termică ideală funcționează după un ciclu Carnot între temperaturile $T_{1}=400 \mathrm{~K}$ şi $T_{2}=300 \mathrm{~K}$. Știind că în timpul unui ciclu maşina primeşte căldura $Q_{1}=400 \mathrm{~kJ}$, lucrul mecanic efectuat de maşină în timpul unui ciclu este: (5 pct.)\\","$100 \mathrm{~J}$","$20000 \mathrm{~J}$","$400 \mathrm{~J}$","$125 \mathrm{~kJ}$","$100 \mathrm{~kJ}$","$420 \mathrm{~kJ}$","N/A","e","Randamentul unei maşini termice ideale este:\\ $\eta=\frac{L}{Q}=1-\frac{T_{2}}{T_{1}}$;\\ De aici lucrul mecanic este:\\ $L=Q_{1}(1-\frac{T_{2}}{T_{1}})=100 \mathrm{~kJ}$. Răspuns corect e.\\"
"Admitere F1 iulie 2009","2009.A.17.","Pentru a încălzi izobar cu $5 \mathrm{~K}$ o cantitate de $10 \mathrm{~moli}$ de hidrogen se transmite gazului căldura $Q=915 \mathrm{~J}$. Știind că $R=8,3 \mathrm{~J} /(\mathrm{mol} \cdot \mathrm{K})$, variația energiei interne a gazului în procesul considerat este: (5 pct.)\\","$508 \mathrm{~J}$","$412 \mathrm{~J}$","$500 \mathrm{~J}$","$550 \mathrm{~J}$","$485 \mathrm{~J}$","$512 \mathrm{~J}$","N/A","c","Conform primului principiu al termodinamicii:\\ $\Delta U=Q-L=Q-\nu R \Delta T=500 \mathrm{~J}$. Răspuns corect c.\\"
"Admitere F1 iulie 2009","2009.A.18.","Utilizând notaţiile din manualele de fizică, expresia legii lui Ohm pentru circuitul simplu este: (5 pct.)\\","$E=\frac{I}{R+r}$","$I=\frac{E}{R}$","$P=U \cdot I$","$I=\frac{E}{R+r}$","$U=R \cdot I$","$I=\frac{E}{r}$","N/A","d","Răspuns corect d.\\"
"Admitere F iulie 2010","2010.A.1.","La capetele unui fir conductor se aplică o tensiune de $12 \mathrm{~V}$ . În timp de 1 minut prin acest fir trece o sarcină electrică de $72 \mathrm{~C}$. Rezistenţa electrică a firului este:\\","$12 \Omega$","$16 \Omega$","$10 \Omega$","$8 \Omega$","$14 \Omega$","$15,5 \Omega$","N/A","c","Intensitatea curentului care trece prin fir este $I=\frac{q}{\Delta t}$, iar din legea lui Ohm, $I=\frac{U}{R}$, rezultă rezistenţa electrică a firului $R=\frac{U \Delta t}{q}=10 \Omega$.\\ Răspuns corect c.\\"
"Admitere F iulie 2010","2010.A.2.","Un fir de cupru (coeficientul termic al rezistivităţii $\alpha=4 \cdot 10^{-3}$ grad $^{-1}$) are rezistenţa $R_{0}=10 \Omega$ la temperatura de $0^{\circ} \mathrm{C}$. Neglijând dilatarea firului, rezistenţa acestuia la temperatura de $100^{\circ} \mathrm{C}$ este:\\","$8 \Omega$","$14 \Omega$","$50 \Omega$","$6 \Omega$","$4 \Omega$","$12 \Omega$","N/A","b","Rezistenţa firului la $100^{\circ} \mathrm{C}$, este: $R_{100}=R_{0}(1+\alpha \Delta t)=14 \Omega$.\\ Răspuns corect b.\\"
"Admitere F iulie 2010","2010.A.3.","Un acumulator cu t.e.m. $E=12 \mathrm{~V}$ are intensitatea curentului de scurtcircuit $I_{s c}=40 \mathrm{~A}$. Legând la bornele acumulatorului un rezistor, tensiunea la bornele sale devine $U=11 \mathrm{~V}$. Valoarea rezistenţei rezistorului este:\\","$4,5 \Omega$","$3,5 \Omega$","$3,3 \Omega$","$4 \Omega$","$2,5 \Omega$","$3 \Omega$","N/A","c","Din relaţia curentului de scurtcircuit, $I_{s c}=\frac{E}{r}$, obţinem rezistenţa internă, $r$, a sursei. Din legea lui Ohm, $I=\frac{E}{R+r}$ şi $I=\frac{U}{R}$, obţinem rezistenţa $R$ a rezistorului: $R=\frac{U E}{I_{s c}(E-U)}=3,3 \Omega$.\\ Răspuns corect c.\\"
"Admitere F iulie 2010","2010.A.4.","Două surse identice de curent continuu având fiecare t.e.m. de $12 \mathrm{~V}$ şi rezistenţa internă de $0,4 \Omega$ sunt legate în paralel la bornele unui rezistor cu rezistenţa de $5,8 \Omega$. Puterea disipată pe rezistor este:\\","$12,6 \mathrm{~W}$","$18,4 \mathrm{~W}$","$23,2 \mathrm{~W}$","$12 \mathrm{~W}$","$5,8 \mathrm{~W}$","$45,2 \mathrm{~W}$","N/A","c","Puterea disipată pe rezistor este $P=R I^{2}$ cu $I=\frac{E}{R+\frac{r}{2}}$; rezultă $P=23,2 \mathrm{~W}$.\\ Răspuns corect c.\\"
"Admitere F iulie 2010","2010.A.5.","Legea lui Ohm pentru o porţiune de circuit care nu conţine generatoare electrice, scrisă cu notaţiile din manualele de fizică, este:\\","$I=\frac{E}{r}$","$I=\frac{U}{R}$","$I=\frac{E}{R+r}$","$I=U R$","$U=\frac{I}{R}$","$P=U I$","N/A","b","Legea lui Ohm pentru o porţiune de circuit este $I=\frac{U}{R}$.\\ Răspuns corect b.\\"
"Admitere F iulie 2010","2010.A.6.","În cazul transferului maxim de putere, randamentul unui circuit de curent continuu format dintr-un generator cu t.e.m $E$, rezistenţa internă $r$ şi un rezistor cu rezistenţa $R$ este:\\","$75 \%$","$95 \%$","$50 \%$","$\frac{2 R}{R+r}$","$25 \%$","$\frac{R E^{2}}{(R+r)^{2}}$","N/A","c","Transferul maxim de putere se produce când $R=r$. În acest caz, randamentul circuitului este: $\eta=\frac{P_{u}}{P_{c}}=\frac{R}{R+r}=50 \%$.\\ Răspuns corect c.\\"
"Admitere F iulie 2010","2010.A.7.","Un corp se deplasează rectiliniu uniform pe o suprafaţă orizontală pe distanţa de $10 \mathrm{~m}$, sub acţiunea unei forţe orizontale de $10 \mathrm{~N}$. Lucrul mecanic al forţei de frecare este:\\","$-1 \mathrm{~J}$","$1 \mathrm{~J}$","$-100 \mathrm{~J}$","$100 \mathrm{~J}$","$-10 \mathrm{~J}$","$10 \mathrm{~J}$","N/A","c","Deoarece deplasarea este uniformă, forţa de tracţiune este egalată de forţa de frecare (cele două forțe având sens contrar), astfel încât: $L_{r}=-F_{t r} \cdot d=-100 \mathrm{~J}$.\\ Răspuns corect c.\\"
"Admitere F iulie 2010","2010.A.8.","Un corp este aruncat vertical în sus cu viteza iniţială $v_{0}=15 \mathrm{~m} / \mathrm{s}$. Cunoscând acceleraţia gravitaţională $g=10 \mathrm{~m} / \mathrm{s}^{2}$, timpul după care corpul revine pe sol este:\\","$2,5 \mathrm{~s}$","$1,5 \mathrm{~s}$","$1 \mathrm{~s}$","$3 \mathrm{~s}$","$3,5 \mathrm{~s}$","$2 \mathrm{~s}$","N/A","d","Timpul de urcare este egal cu timpul de coborâre în punctul de lansare: $t=t_{u}+t_{c}=2 \frac{v_{0}}{g}=3 \mathrm{~s}$.\\ Răspuns corect d.\\"
"Admitere F iulie 2010","2010.A.9.","Căldura se măsoară în S.I. cu aceeaşi unitate de măsură ca:\\","temperatura","cantitatea de substanţă","energia cinetică","capacitatea calorică","căldura molară","căldura specifică","N/A","c","$[\text { căldura }]_{\text {SI }}=[\text { energia cinetică }]_{\text {SI }}=\mathrm{J}$\\ Răspuns corect c.\\"
"Admitere F iulie 2010","2010.A.10.","Utilizând notaţiile din manualele de fizică, expresia energiei cinetice este:\\","$\frac{m v}{2}$","$m g h$","$\frac{m v^{2}}{2}$","$\frac{k x^{2}}{2}$","$m v^{2}$","$\frac{k v^{2}}{2}$","N/A","c","Expresia energiei cinetice este: $E_{c}=\frac{m v^{2}}{2}$.\\ Răspuns corect c.\\"
"Admitere F iulie 2010","2010.A.11.","O cantitate de gaz ideal parcurge un ciclu format dintr-o transformare izocoră în care presiunea creşte de 8 ori, o destindere adiabatică şi o comprimare izobară. Exponentul adiabatic este $\gamma=1,5$. Randamentul ciclului este:\\","$0,571$","$3 / 16$","$5 / 16$","$5 / 14$","$43,8 \%$","$4 / 15$","N/A","d","Randamentul ciclului este $\eta=1-\frac{\left|Q_{c}\right|}{Q_{p}}$, unde $Q_{p}$ este căldura primită pe izocoră, iar $Q_{c}$ este căldura cedată pe izobară: $Q_{p}=\nu C_{V}\left(T_{2}-T_{1}\right)$, respectiv $\left|Q_{c}\right|=\nu C_{p}\left(T_{3}-T_{1}\right)$. Din transformarea izocoră, $\frac{p_{1}}{T_{1}}=\frac{p_{2}}{T_{2}}$, rezultă $T_{2}=8 T_{1}$ şi $T_{2}-T_{1}=7 T_{1}$. Din transformările izobară, $\frac{V_{1}}{T_{1}}=\frac{V_{3}}{T_{3}}$, şi adiabatică, $p_{2} V_{1}^{\gamma}=p_{1} V_{3}^{\gamma}$, rezultă $T_{3}=4 T_{1}$ şi $T_{3}-T_{1}=3 T_{1}$. Astfel, $\eta=1-\gamma \frac{3}{7}=\frac{5}{14}$.\\ Răspuns corect d.\\"
"Admitere F iulie 2010","2010.A.12.","Unitatea de măsură a acceleraţiei în S.I. este:\\","$\mathrm{s} / \mathrm{m}$","$\mathrm{m} / \mathrm{s}^{2}$","$\mathrm{m} \cdot \mathrm{s}^{-1}$","$\mathrm{m} / \mathrm{s}$","$m \cdot s$","$m \cdot s^{2}$","N/A","b","$[a]_{\mathrm{SI}}=\mathrm{m} / \mathrm{s}^{2}$.\\ Răspuns corect b.\\"
"Admitere F iulie 2010","2010.A.13.","O maşină termică ideală funcţionează după un ciclu Carnot, temperatura sursei reci fiind $300 \mathrm{~K}$, iar cea a sursei calde cu $200 \mathrm{~K}$ mai mare. În cursul unui ciclu lucrul mecanic produs este $L=0,2 \mathrm{~kJ}$. Valoarea absolută a căldurii cedate sursei reci într-un ciclu este:\\","$0,1 \mathrm{~kJ}$","$0,3 \mathrm{~kJ}$","$0,5 \mathrm{~kJ}$","$0,2 \mathrm{~kJ}$","$0,6 \mathrm{~kJ}$","$0,8 \mathrm{~kJ}$","N/A","b","Din expresia randamentului ciclului Carnot, $\eta=\frac{L}{Q_{p}}=1-\frac{T_{\text {rece}}}{T_{\text {cald}}}$, rezultă căldura primită $Q_{p}$, iar din lucrul mecanic $L=Q_{p}-\left|Q_{c}\right|$ obţinem $\left|Q_{c}\right|=\frac{L}{1-\frac{T_{\text {rece}}}{T_{\text {cald}}}}-L=0,3 \mathrm{~kJ}$.\\ Răspuns corect b.\\"
"Admitere F iulie 2010","2010.A.14.","Un gaz ideal se destinde adiabatic. La finalul procesului volumul gazului este de 8 ori mai mare şi presiunea este de 32 de ori mai mică. Exponentul adiabatic este:\\","$3 / 5$","$5 / 3$","$1,75$","$3 / 2$","$7 / 5$","$2$","N/A","b","Ecuaţia transformării adiabatice, $p_{1} V_{1}^{\gamma}=p_{2} V_{2}^{\gamma}$, se scrie $p_{1} V_{1}^{\gamma}=\frac{p_{1}}{32}\left(8 V_{1}\right)^{\gamma}$, de unde rezultă $\gamma=5 / 3$.\\ Răspuns corect b.\\"
"Admitere F iulie 2010","2010.A.15.","Cunoscând $R$ - constanta universală a gazelor perfecte şi $\gamma$ - exponentul adiabatic, căldura molară la presiune constantă este:\\","$\gamma R$","$\frac{\gamma}{\gamma-1} R$","$\frac{\gamma}{\gamma+1} R$","$\frac{R}{\gamma-1}$","$(\gamma-1) R$","$(\gamma+1) R$","N/A","b","Din relaţia Robert-Mayer, $C_{p}=C_{V}+R$ şi expresia exponentului adiabatic, $\gamma=\frac{C_{p}}{C_{V}}$, obţinem $C_{p}=\frac{\gamma}{\gamma-1} R$.\\ Răspuns corect b.\\"
"Admitere F iulie 2010","2010.A.16.","Un autoturism începe sa frâneze cu acceleraţie constantă. După ce a parcurs un sfert din distanţa până la oprire, viteza este egală cu $40 \sqrt{3} \mathrm{~km} / \mathrm{~h}$. Viteza autoturismului în momentul începerii frânării este:\\","$50 \mathrm{~km} / \mathrm{~h}$","$60 \sqrt{3} \mathrm{~km} / \mathrm{~h}$","$25 \mathrm{~m} / \mathrm{~s}$","$20 \mathrm{~m} / \mathrm{~s}$","$100 \mathrm{~km} / \mathrm{~h}$","$80 \mathrm{~km} / \mathrm{~h}$","N/A","f","Scriem relaţia lui Galilei, $v=\sqrt{v_{0}^{2}+2 a d}$, pentru distanţa până la oprire: $0=\sqrt{v_{0}^{2}-2 a d}$ 'şi pentru un sfert din această distanţă: $v_{1}=\sqrt{v_{0}^{2}-\frac{a d^{\prime}}{2}}$. Rezultă $v_{0}=80 \mathrm{~km} / \mathrm{h}$.\\ Răspuns corect f.\\"
"Admitere F iulie 2010","2010.A.17.","O cantitate de gaz ideal aflată la presiunea de $8,4 \cdot 10^{6} \mathrm{~Pa}$ şi temperatura de $280 \mathrm{~K}$ suferă o transformare izocoră la sfârşitul căreia temperatura devine $250 \mathrm{~K}$. Presiunea finală este:\\","$7 \mathrm{~MPa}$","$6 \mathrm{~MPa}$","$5,5 \mathrm{~MPa}$","$6,5 \mathrm{~MPa}$","$7,5 \mathrm{~MPa}$","$5 \mathrm{~MPa}$","N/A","e","Din ecuaţia transformării izocore, $\frac{p_{1}}{T_{1}}=\frac{p_{2}}{T_{2}}$, rezultă $p_{2}=7,5 \mathrm{~MPa}$.\\ Răspuns corect e.\\"
"Admitere F iulie 2010","2010.A.18.","Peste un scripete fix ideal este trecut un fir de masă neglijabilă. Firul trece printr-un manşon fix care exercită asupra sa o forţă de frecare constantă egală cu $32 \mathrm{~N}$. La un capăt al firului este legat un corp de masă $m_{1}=3 \mathrm{~kg}$, la capătul celălalt unul de masă $m_{2}$. Sistemul se mişcă uniform. Se cunoaşte $g=10 \mathrm{~m} / \mathrm{s}^{2}$. Masa $m_{2}$ este:\\","$3 \mathrm{~kg}$","$6 \mathrm{~kg}$","$5,5 \mathrm{~kg}$","$0,2 \mathrm{~kg}$","$6,2 \mathrm{~kg}$","$0,5 \mathrm{~kg}$","N/A","e","Ecuaţiile de mişcare a celor două corpuri sunt: $m_{1} g-T_{1}=0$ şi $m_{2} g-T_{2}=0$, la care se adaugă ecuaţia pentru fir: $T_{2}-T_{1}-F_{f}=0$. Rezultă $m_{2}=m_{1}+\frac{F_{f}}{g}=6,2 \mathrm{~kg}$.\\ Răspuns corect e.\\"
"Admitere F iulie 2011","2011.A.1.","În S.I. lucrul mecanic se măsoară în:\\","$\mathrm{kg} \cdot \frac{\mathrm{m}}{\mathrm{s}^{2}}$","$\mathrm{W}$","$\mathrm{kg} \cdot \frac{\mathrm{m}}{\mathrm{s}}$","$\frac{\mathrm{N}}{\mathrm{m}}$","$\mathrm{J}$","$\mathrm{kWh}$","N/A","e","Din relaţia de definiţie a lucrului mecanic obţinem $[L]_{\mathrm{SI}}=[F]_{\mathrm{SI}} \cdot[d]_{\mathrm{SI}}=\mathrm{N} \cdot \mathrm{~m}=\mathrm{J}$\\ Răspuns corect e.\\"
"Admitere F iulie 2011","2011.A.2.","Un ciclu format din două izocore de volume $V_{1}$ şi $V_{2}=e^{2} V_{1}$ ($e$ este baza logaritmilor naturali) şi două izoterme de temperaturi $T_{1}=400 \mathrm{~K}$ şi $T_{2}=300 \mathrm{~K}$, este parcurs de un gaz ideal a cărui căldură molară la volum constant este $C_{V}=\frac{5}{2} R$, unde $R$ este constanta gazelor ideale. Randamentul unei maşini termice care funcţionează după acest ciclu este:\\","$\frac{2}{13}$","$\frac{5}{17}$","$\frac{8}{21}$","$\frac{4}{13}$","$\frac{2}{21}$","$\frac{4}{21}$","N/A","f","Randamentul maşinii termice este $\eta=1-\frac{\left|Q_{c}\right|}{Q_{p}}$, unde $Q_{c}=Q_{34}+Q_{41}$, respectiv $Q_{p}=Q_{12}+Q_{23}$.\\ Astfel: $\left|Q_{c}\right|=\nu C_{V}\left(T_{1}-T_{2}\right)+\nu R T_{2} \ln \frac{V_{2}}{V_{1}}$ iar $Q_{p}=\nu C_{V}\left(T_{1}-T_{2}\right)+\nu R T_{1} \ln \frac{V_{2}}{V_{1}}$.\\ Calculând $\ln \frac{V_{2}}{V_{1}}=2$, rezultă $\eta=\frac{4}{21}$.\\ Răspuns corect f.\\"
"Admitere F iulie 2011","2011.A.3.","Două corpuri având masele egale cu $200 \mathrm{~g}$ sunt legate cu un fir trecut peste un scripete fix. Forţa care acţionează asupra scripetelui este ($g=10 \frac{\mathrm{m}}{\mathrm{s}^{2}}$):\\","$5 \mathrm{~N}$","$0,5 \mathrm{~N}$","$1 \mathrm{~N}$","$2 \mathrm{~N}$","$3 \mathrm{~N}$","$4 \mathrm{~N}$","N/A","f","Reacţiunea $R$ în scripete este $R=2 T$, iar $T=G$. Rezultă $R=2 m g=4 \mathrm{~N}$.\\ Răspuns corect f.\\"
"Admitere F iulie 2011","2011.A.4.","O cantitate de gaz ideal se încălzeşte la volum constant până când temperatura sa creşte cu $120 \mathrm{~K}$, iar presiunea cu $30 \%$ faţă de presiunea iniţială. Temperatura iniţială a gazului este:\\","$500 \mathrm{~K}$","$100 \mathrm{~K}$","$400 \mathrm{~K}$","$300^{\circ} \mathrm{C}$","$400^{\circ} \mathrm{C}$","$200 \mathrm{~K}$","N/A","c","Introducând datele problemei în legea transformării izocore, $\frac{p_{i}}{T_{i}}=\frac{p_{f}}{T_{f}}$, obţinem: $\frac{p_{i}}{T_{i}}=\frac{p_{i}+0,3 p_{i}}{T_{i}+120}$. Rezultă $T_{i}=400 \mathrm{~K}$.\\ Răspuns corect c.\\"
"Admitere F iulie 2011","2011.A.5.","Raportul dintre presiunea şi densitatea unei cantităţi de gaz ideal este constant în transformarea:\\","izotermă","izobară","adiabatică","generală","ireversibilă","izocoră","N/A","a","Deoarece $V=\frac{m}{\rho}$, din ecuaţia termică de stare a gazului ideal, $p V=\nu R T$, se obţine raportul dintre presiune şi densitate: $\frac{p}{\rho}=\frac{\nu R T}{m}$. Pentru o cantitate dată de gaz acest raport este constant în transformarea izotermă ($T=$ const.).\\ Răspuns corect a.\\"
"Admitere F iulie 2011","2011.A.6.","Un corp este aruncat pe verticală de jos în sus cu viteza iniţială $v_{0}=20 \frac{\mathrm{m}}{\mathrm{s}}$. Înălţimea maximă la care ajunge corpul este ($g=10 \frac{\mathrm{m}}{\mathrm{s}^{2}}$):\\","$10 \mathrm{~m}$","$15 \mathrm{~m}$","$20 \mathrm{~m}$","$16 \mathrm{~m}$","$5 \mathrm{~m}$","$12 \mathrm{~m}$","N/A","c","Neglijând frecarea cu aerul, din legea de conservare a energiei mecanice, $E_{c i}+E_{p i}=E_{c f}+E_{p f}$, obţinem: $\frac{m v_{0}^{2}}{2}=m g h_{\text {max}}$.\\ Rezultă $h_{\text {max}}=20 \mathrm{~m}$.\\ Răspuns corect c.\\"
"Admitere F iulie 2011","2011.A.7.","Pentru funcţionare normală un bec cu puterea de $2 \mathrm{~W}$, trebuie alimentat la o tensiune de $6 \mathrm{~V}$. Rezistenţa becului este egală cu:\\","$15 \Omega$","$18 \Omega$","$9,8 \Omega$","$20 \Omega$","$2 \Omega$","$10 \Omega$","N/A","b","Din relaţia de definiţie a puterii electrice, $P=\frac{U^{2}}{R}$, obţinem $R=18 \Omega$.\\ Răspuns corect b.\\"
"Admitere F iulie 2011","2011.A.8.","Un ampermetru poate măsura un curent electric continuu de intensitate maximă egală cu $2 \mathrm{~A}$. Legând la bornele acestuia un şunt având rezistenţa de 20 de ori mai mică decât rezistenţa internă a ampermetrului, curentul maxim ce poate fi măsurat este:\\","$20 \mathrm{~A}$","$42 \mathrm{~A}$","$40 \mathrm{~A}$","$21 \mathrm{~A}$","$19 \mathrm{~A}$","$10 \mathrm{~A}$","N/A","b","Tensiunea maximă suportată la borne de ampermetru (având rezistenţa internă $R_{A}$) este $U=I_{\max} R_{A}=2 R_{A}$. Întrucât şuntul se leagă în paralel cu ampermetrul, tensiunea la bornele lui este aceeaşi dar curentul care îl străbate este de 20 de ori mai mare: $I_{S}=\frac{U}{R_{S}}=\frac{U}{R_{A} / 20}=20 \frac{U}{R_{A}}=40 \mathrm{~A}$. Ca urmare, intensitatea curentului maxim ce poate fi măsurat de ampermetrul prevăzut cu şunt este $I=I_{\text {max}}+I_{S}=42 \mathrm{~A}$.\\ Răspuns corect b.\\"
"Admitere F iulie 2011","2011.A.9.","Se cunoaşte că sub acţiunea unei forţe $F=221 \mathrm{~N}$ un fir de cupru (cu modulul de elasticitate $E=13 \cdot 10^{10} \frac{\mathrm{N}}{\mathrm{m}^{2}}$) se alungeşte cu $\Delta l=0,15 \mathrm{~m}$. Cunoscând rezistivitatea cuprului $\rho=1,7 \cdot 10^{-8} \Omega \cdot \mathrm{m}$, rezistenţa electrică a firului este:\\","$15 \Omega$","$0,1 \Omega$","$1 \Omega$","$0,3 \Omega$","$2 \Omega$","$1,5 \Omega$","N/A","f","Rezistenţa electrică a unui conductor depinde de natura şi dimensiunile sale conform relaţiei $R=\rho \frac{l}{S}$. Din legea lui Hooke, $\frac{F}{S}=E \frac{\Delta l}{l}$, rezultă raportul între lungimea și secţiunea transversală a conductorului: $\frac{l}{S}=E \frac{\Delta l}{F}$. Astfel, rezistenţa conductorului este: $R=\rho E \frac{\Delta l}{F}=1,5 \Omega$.\\ Răspuns corect f.\\"
"Admitere F iulie 2011","2011.A.10.","Căderea de tensiune pe rezistenţa internă a unei surse electrice conectate la un rezistor extern este de $1 \mathrm{~V}$, iar randamentul circuitului este egal cu $0,8$. Tensiunea electromotoare a sursei este:\\","$1,25 \mathrm{~V}$","$2,25 \mathrm{~V}$","$5 \mathrm{~V}$","$9 \mathrm{~V}$","$1,8 \mathrm{~V}$","$4 \mathrm{~V}$","N/A","c","Din relaţia randamentului unui circuit electric, $\eta=\frac{P_{u}}{P_{c}}=\frac{U I}{E I}$, exprimat în funcţie de tensiunea electromotoare $E$ a sursei şi căderea de tensiune $u$ pe rezistenţa sa internă, $\eta=1-\frac{u}{E}$, rezultă: $E=5 \mathrm{~V}$.\\ Răspuns corect c.\\"
"Admitere F iulie 2011","2011.A.11.","Căldura degajată la trecerea unui curent electric de intensitate $I$ printr-un conductor având rezistenţa $R$ în timpul $\Delta t$ este:\\","$R I \Delta t^{2}$","$\frac{R^{2} \Delta t}{I}$","$I R^{2} \Delta t$","$R I \Delta t$","$\frac{I^{2} \Delta t}{R}$","$R I^{2} \Delta t$","N/A","f","Expresia matematică a legii lui Joule este: $Q=R I^{2} \Delta t$.\\ Răspuns corect f.\\"
"Admitere F iulie 2011","2011.A.12.","Printr-un fir conductor trece un curent de $0,5 \mathrm{~mA}$ timp de 2 ore. În acest timp prin fir trece o sarcină electrică egală cu:\\","$25 \mathrm{~C}$","$100 \mathrm{~mA}$","$100 \mathrm{~C}$","$3,6 \mathrm{~C}$","$100 \mathrm{~mC}$","$25 \mathrm{~mC}$","N/A","d","Din relaţia de definiţie a intensităţii curentului electric, $I=\frac{q}{\Delta t}$, obţinem: $q=3,6 \mathrm{~C}$.\\ Răspuns corect d.\\"
"Admitere F iulie 2011","2011.A.13.","Două corpuri având masele $m_{1}=0,5 \mathrm{~kg}$ şi $m_{2}=2 \mathrm{~kg}$ se află pe un plan înclinat de unghi $\alpha=\frac{\pi}{6}$. Cele două corpuri sunt în contact unul cu celalalt, corpul de masă $m_{1}$ aflându-se mai jos. Coeficienţii de frecare cu planul ai corpurilor sunt respectiv $\mu_{1}=0,3$ și $\mu_{2}=0,2$. Cunoscând $g=10 \frac{\mathrm{~m}}{\mathrm{~s}^{2}}$, forţa pe care corpul de masă $m_{2}$ o exercită asupra corpului de masă $m_{1}$ în timpul coborârii pe plan este:\\","$\sqrt{3} \mathrm{~N}$","$0,2 \mathrm{~N}$","$0,5 \sqrt{3} \mathrm{~N}$","$2 \mathrm{~N}$","$0,2 \sqrt{3} \mathrm{~N}$","$1,4 \mathrm{~N}$","N/A","e","Ecuaţiile de mişcare a celor două corpuri în contact care coboară cu acceleraţia $a$ pe planul înclinat sunt: $m_{1} a=m_{1} g\left(\sin \alpha-\mu_{1} \cos \alpha\right)+T$, respectiv $m_{2} a=m_{2} g\left(\sin \alpha-\mu_{2} \cos \alpha\right)-T$, unde $T$ este forţa de interacţiune dintre corpuri (forţa cu care corpul de masă $m_{2}$ îl împinge pe cel de masă $m_{1}$, dar şi forţa, egală şi de sens contrar, cu care reacţionează corpul de masă $m_{1}$). Rezolvând sistemul de două ecuaţii obţinem: $T=g \frac{m_{1} m_{2}}{m_{1}+m_{2}}\left(\mu_{1}-\mu_{2}\right) \cos \alpha=0,2 \sqrt{3} \mathrm{~N}$.\\ Răspuns corect e.\\"
"Admitere F iulie 2011","2011.A.14.","Un autoturism având puterea motorului de $75 \mathrm{~kW}$ se deplasează cu o viteză constantă de $180 \mathrm{~km} / \mathrm{h}$. Forţa de rezistenţă la înaintare este egală cu ($g=10 \mathrm{~m} / \mathrm{s}^{2}$) :\\","$3000 \mathrm{~N}$","$15000 \mathrm{~N}$","$750 \mathrm{~N}$","$1500 \mathrm{~N}$","$2000 \mathrm{~N}$","$150 \mathrm{~N}$","N/A","d","În cazul deplasării cu viteză constantă, forţa de rezistenţă la înaintare este egală cu forţa dezvoltată de motorul autoturismului. Astfel, $F_{r}=\frac{P}{V}=1500 \mathrm{~N}$.\\ Răspuns corect d.\\"
"Admitere F iulie 2011","2011.A.15.","În SI unitatea de măsură pentru exponentul adiabatic este:\\","$\frac{\mathrm{J}}{\mathrm{mol} \cdot \mathrm{K}}$","$\frac{\mathrm{J}}{\mathrm{K}}$","nu are unitate de măsură","$\frac{\mathrm{J}}{\mathrm{kg}}$","$\mathrm{Pa} \cdot \mathrm{m}^{-3}$","$\frac{\mathrm{m}^{2}}{\mathrm{N}}$","N/A","c","Relaţia de definiţie a exponentului adiabatic este $\gamma=\frac{C_{p}}{C_{V}}$, unde $C_{p}$ reprezintă căldura molară la presiune constantă, iar $C_{V}$ este căldura molară la volum constant, ambele mărimi având unitatea de măsură în SI $\mathrm{J} / \mathrm{mol} \cdot \mathrm{K}$. Prin urmare, exponentul adiabatic, $\gamma$, este o mărime adimensională.\\ Răspuns corect c.\\"
"Admitere F iulie 2011","2011.A.16.","Un gaz ideal monoatomic ($C_{V}=\frac{3}{2} R$) primeşte căldura $Q=15 \mathrm{~kJ}$ pentru a-şi mări izobar temperatura. Căldura necesară pentru a mări izocor cu aceeaşi valoare temperatura gazului este:\\","$12,5 \mathrm{~kJ}$","$9 \mathrm{~kJ}$","$16 \mathrm{~kJ}$","$25 \mathrm{~kJ}$","$12000 \mathrm{~J}$","$6 \mathrm{~kJ}$","N/A","b","Căldurile primite în transformările izobară $Q_{p}$ şi izocoră $Q_{V}$ sunt: $Q_{p}=\nu C_{p} \Delta T$ şi respectiv $Q_{V}=\nu C_{V} \Delta T$. Pentru o aceeaşi valoare a creşterii de temperatură a gazului, $\Delta T$, obţinem $Q_{V}=Q_{p} \frac{C_{V}}{C_{p}}$. Pentru un gaz ideal monoatomic, $C_{V}=\frac{3}{2} R$, iar $C_{p}=\frac{5}{2} R$. Rezultă $Q_{V}=9 \mathrm{~kJ}$.\\ Răspuns corect b.\\"
"Admitere F iulie 2011","2011.A.17.","Pentru oxigen se cunosc masa molară, $\mu=32 \frac{\mathrm{g}}{\mathrm{mol}}$ şi exponentul adiabatic, $\gamma=1,4$. Căldura specifică la presiune constantă a oxigenului este (se consideră $R=8,32 \frac{\mathrm{J}}{\mathrm{mol} \cdot \mathrm{K}}$):\\","$182 \mathrm{~J} /(\mathrm{kg} \cdot \mathrm{K})$","$124 \mathrm{~J} /(\mathrm{kg} \cdot \mathrm{K})$","$910 \mathrm{~J} /(\mathrm{kg} \cdot \mathrm{K})$","$0,900 \mathrm{~J} /(\mathrm{kg} \cdot \mathrm{K})$","$207 \mathrm{~J} /(\mathrm{kg} \cdot \mathrm{K})$","$290 \mathrm{~J} /(\mathrm{kg} \cdot \mathrm{K})$","N/A","c","Din raportul relaţiilor de definiţie a căldurii specifice la presiune constantă, $c_{p}=\frac{Q_{p}}{m \Delta T}$ şi căldurii molare la presiune constantă, $C_{p}=\frac{Q_{p}}{\nu \Delta T}$, rezultă: $c_{p}=C_{p} \frac{\nu}{m}$. Dar $\frac{\nu}{m}=\frac{1}{\mu}$ şi obţinem $c_{p}=\frac{C_{p}}{\mu}=\frac{\gamma R}{\gamma-1} \frac{1}{\mu}=910 \mathrm{~J} /(\mathrm{kg} \cdot \mathrm{~K})$\\ Răspuns corect c.\\"
"Admitere F iulie 2011","2011.A.18.","Din punctul $A$ pornesc în aceeaşi direcţie două automobile deplasându-se rectiliniu şi uniform. Primul se mişcă cu viteza $v_{1}=63 \frac{\mathrm{km}}{\mathrm{h}}$, al doilea pleacă la 15 minute după primul și se deplasează cu $v_{2}=90 \frac{\mathrm{km}}{\mathrm{h}}$. Punctul în care se vor întâlni cele două automobile se află faţă de $A$ la distanţa:\\","$27 \mathrm{~km}$","$54 \mathrm{~km}$","$64 \mathrm{~km}$","$52,5 \mathrm{~km}$","$22,5 \mathrm{~km}$","$48,5 \mathrm{~km}$","N/A","d","Faţă de punctul $A$ legile de mişcare a celor două automobile sunt $x_{1}=v_{1} t$ şi $x_{2}=v_{2}\left(t-t^{\prime}\right)$. Din condiţia de întâlnire, $x_{1}=x_{2}$, se obţine timpul de întâlnire $t_{i}$;\\ Faţă de punctul $A$, automobilele se întâlnesc la distanţa $x_{i}=v_{1} t_{i}=52,5 \mathrm{~km}$.\\ Răspuns corect d.\\"
"Admitere F iulie 2014","2014.A.1.","Dacă legea de mişcare a unui corp cu masa de $5 \mathrm{~kg}$ este $x(t)=3-3 t+0,2 t^{2}$, atunci forţa care acţionează asupra corpului are valoarea: (5 pct.)\\","$5 \mathrm{~N}$","$2,5 \mathrm{~N}$","$3 \mathrm{~N}$","$1 \mathrm{~N}$","$2 \mathrm{~N}$","$0,5 \mathrm{~N}$","N/A","e","Comparând ecuaţia de mişcare dată cu $x(t)=x_{0}+v_{0 x} t+(1 / 2) a_{x} t^{2}$, obţinem $a_{x}=0,4 \mathrm{~m} / \mathrm{s}^{2}$.\\ Proiecţia vectorului forţă pe axa $O x$ este $F_{x}=m a_{x}$, în care $m=5 \mathrm{~kg}$.\\ Deci $F_{x}=5 \mathrm{~kg} \cdot 0,4 \mathrm{~m} / \mathrm{s}^{2}=2 \mathrm{~N}$. Răspuns corect e.\\"
"Admitere F iulie 2014","2014.A.2.","Într-o transformare izobară variaţia energiei interne a unui gaz ideal ($C_{V}=(3 / 2) R$) este $30 \mathrm{~kJ}$. Lucrul mecanic efectuat de gaz în această transformare este: (5 pct.)\\","$40 \mathrm{~kJ}$","$20 \mathrm{~J}$","$15 \mathrm{~J}$","$1 \mathrm{~kJ}$","$100 \mathrm{~J}$","$20 \mathrm{~kJ}$","N/A","f","Folosim notaţiile uzuale. Variaţia energiei interne a gazului este $\Delta U=\nu C_{V} \Delta T$. Lucrul mecanic în transformarea izobară este $L=p \Delta V=\nu R \Delta T$, la al doilea pas fiind folosită ecuaţia termică de stare.\\ Rezultă $L / \Delta U=R / C_{V}$, de unde $L=\left(R / C_{V}\right) \Delta U=(2 / 3) 30 \mathrm{~kJ}=20 \mathrm{~kJ}$. Răspuns corect f.\\"
"Admitere F iulie 2014","2014.A.3.","Un corp pleacă din repaus şi urcă fără frecare pe un plan înclinat cu unghiul de $30^{\circ}$ faţă de orizontală, împins de o forţă paralelă cu planul, egală în modul cu greutatea corpului. După un timp $\tau$ acţiunea forţei încetează. Ştiind că distanţa totală parcursă de corp la urcare este de $28,8 \mathrm{~m}$ şi considerând $g=10 \mathrm{~m} / \mathrm{s}^{2}$, timpul $\tau$ are valoarea: (5 pct.)\\","$2 \sqrt{3} \mathrm{~s}$","$5,76 \mathrm{~s}$","$2 \sqrt{2} \mathrm{~s}$","$2 \mathrm{~s}$","$2,4 \mathrm{~s}$","$1,86 \mathrm{~s}$","N/A","e","Notaţii: $\alpha=30^{\circ}$; $d=28,8 \mathrm{~m}$; $m$ - masa corpului; $\vec{F}$ - forţa de tracţiune; $\vec{N}$ forţa de reacţiune normală.\\ În cazul acţiunii forţei de tracţiune, ecuaţia lui Newton se scrie:\\ $\vec{F}+m \vec{g}+\vec{N}=m \vec{a}_{1}$, în care $\vec{a}_{1}$ este acceleraţia acestei mişcări. Proiectăm această ecuaţie după o axă în lungul planului orientată în sus:\\ $m g-m g \sin \alpha=m a_{1}$, de unde proiecţia acceleraţiei este $a_{1}=g(1-\sin \alpha)$.\\ Distanţa parcursă în intervalul de timp $\tau$ este:\\ $d_{1}=\frac{1}{2} a_{1} \tau^{2}=\frac{1}{2} g \tau^{2}(1-\sin \alpha)$.\\ Viteza corpului după intervalul de timp $\tau$ este:\\ $v_{1}=a_{1} \tau=g \tau(1-\sin \alpha)$.\\ Când acţiunea forţei $\vec{F}$ încetează, ecuaţia lui Newton se scrie $m \vec{g}+\vec{N}=m \vec{a}_{2}$ şi proiecţia acceleraţiei după axa în lungul planului orientată în sus este $a_{2}=-g \sin \alpha$.\\ Distanţa $d_{2}$ parcursă de corp în mişcarea încetinită până la oprire se determină cu ajutorul ecuaţiei lui Galilei:\\ $d_{2}=-\frac{v_{1}^{2}}{2 a_{2}}=\frac{1}{2} \frac{(1-\sin \alpha)^{2}}{\sin \alpha} g \tau^{2}$;\\ Distanţa totală parcursă de corp la urcare este $d=d_{1}+d_{2}=\frac{1}{2} \frac{1-\sin \alpha}{\sin \alpha} g \tau^{2}$, de unde $\tau=\sqrt{\frac{2 \sin \alpha}{1-\sin \alpha} \frac{d}{g}}=2,4 \mathrm{~s}$. Răspuns corect e.\\"
"Admitere F iulie 2014","2014.A.4.","În cursul unui proces în care volumul variază invers proporţional cu pătratul presiunii, presiunea unui gaz ideal creşte de două ori. În acest proces temperatura gazului: (5 pct.)\\","creşte de $\sqrt{2}$ ori","rămâne constantă","creşte de 2 ori","scade de 2 ori","scade de 4 ori","creşte de 4 ori","N/A","d","Folosim indicele $1$ pentru starea iniţială şi indicele $2$ pentru starea finală. Temperatura iniţială a gazului este: $T_{1}=\frac{p_{1} V_{1}}{\nu R}$.\\ În procesul considerat avem $p_{2}=2 p_{1}$ şi $V_{2}=\left(1 / 2^{2}\right) V_{1}=(1 / 4) V_{1}$.\\ Deci $T_{2}=\frac{p_{2} V_{2}}{\nu R}=\frac{1}{2} \frac{p_{1} V_{1}}{\nu R}=\frac{1}{2} T_{1}$. Răspuns corect d.\\"
"Admitere F iulie 2014","2014.A.5.","Un recipient conţine un gaz ideal la temperatura de $29^{\circ} \mathrm{C}$. Dacă presiunea gazului creşte izocor de două ori, temperatura finală a gazului este: (5 pct.)\\","$151 \mathrm{~K}$","$14,5^{\circ} \mathrm{C}$","$58^{\circ} \mathrm{C}$","$604 \mathrm{~K}$","$400 \mathrm{~K}$","$0^{\circ} \mathrm{C}$","N/A","d","Temperatura termodinamică iniţială a gazului este $T_{1}=(273+29) \mathrm{K}=302 \mathrm{~K}$. Într-o transformare izocoră, temperatura unui gaz ideal variază direct proporţional cu presiunea.\\ Pentru o dublare a presiunii, temperatura se dublează: $T_{2}=2 T_{1}=604 \mathrm{~K}$. Răspuns corect d.\\"
"Admitere F iulie 2014","2014.A.6.","Relaţia dintre unghiul de frecare $\varphi$ şi coeficientul de frecare $\mu$ este: (5 pct.)\\","$\mu=\cos \varphi$","$\mu=\operatorname{tg}^{2} \varphi$","$\mu=\sin \varphi$","$\mu=\operatorname{tg}(\varphi / 2)$","$\mu=1 / \operatorname{tg} \varphi$","$\mu=\operatorname{tg} \varphi$","N/A","f","$\mu=\operatorname{tg} \varphi$. Răspuns corect f.\\"
"Admitere F iulie 2014","2014.A.7.","În cazul transferului maxim de putere într-un circuit simplu, randamentul transmisiei puterii este: (5 pct.)\\","$50 \%$","$25 \%$","$75 \%$","$100 \%$","$10 \%$","$90 \%$","N/A","a","Cu notaţiile din manualele de fizică, randamentul este $\eta=\frac{R}{R+r}$.\\ Transferul maxim de putere are loc pentru $R=r$. Rezultă $\eta=0,5=50 \%$. Răspuns corect a.\\"
"Admitere F iulie 2014","2014.A.8.","Două rezistoare cu rezistenţele $R_{1}=8 \Omega$ şi $R_{2}=2 \Omega$ se leagă succesiv la bornele unei baterii. Ştiind că puterile dezvoltate în cele două rezistoare sunt egale, rezistenţa internă a bateriei este: (5 pct.)\\","$1 \Omega$","$2 \Omega$","$0,1 \Omega$","$20 \Omega$","$100 \Omega$","$4 \Omega$","N/A","f","Cu notaţiile din manualele de fizică, puterea dezvoltată în rezistorul $R$ este:\\ $P=I^{2} R=\left(\frac{E}{R+r}\right)^{2} R=\frac{E^{2} R}{(R+r)^{2}}$.\\ Impunând condiţia ca aceeaşi putere să fie dezvoltată în rezistoarele $R_{1}$ şi $R_{2}$:\\ $\frac{E^{2} R_{1}}{\left(R_{1}+r\right)^{2}}=\frac{E^{2} R_{2}}{\left(R_{2}+r\right)^{2}}$.\\ Obţinem $r=\sqrt{R_{1} R_{2}}=4 \Omega$. Răspuns corect f.\\"
"Admitere F iulie 2014","2014.A.9.","Printr-un conductor străbătut de un curent electric cu intensitatea de $0,32 \mathrm{~A}$ trec întrun minut un număr de electroni egal cu ($e=1,6 \cdot 10^{-19} \mathrm{C}$): (5 pct.)\\","$3 \cdot 10^{20}$","$1 \cdot 10^{8}$","$4 \cdot 10^{19}$","$5 \cdot 10^{20}$","$1,2 \cdot 10^{20}$","$1,2 \cdot 10^{25}$","N/A","e","La trecerea curentului $I=0,32 \mathrm{~A}$ în intervalul de timp $\Delta t=1 \mathrm{~min}=60 \mathrm{~s}$, numărul de electroni care trec printr-o secţiune a conductorului este:\\ $\frac{I \Delta t}{e}=1,2 \cdot 10^{20}$. Răspuns corect e.\\"
"Admitere F iulie 2014","2014.A.10.","Două rezistoare identice având fiecare rezistenţa de $12 \Omega$, sunt montate întâi în serie, apoi în paralel. Grupările se conectează succesiv la bornele unei baterii de rezistenţă internă neglijabilă având t.e.m. de $12 \mathrm{~V}$. Raportul intensităţilor curenţilor în cele două cazuri este: (5 pct.)\\","$4,25$","$0,50$","$4,25$","$0,75$","$0,25$","$0,8$","N/A","e","Notăm $E$ - t.e.m. a bateriei şi $R$ - rezistenţa unui rezistor. În cazul montajului serie al rezisoarelor, curentul în circuit este: $I_{\mathrm{s}}=\frac{E}{2 R}$.\\ Când rezistoarele sunt grupate în paralel, curentul prin latura principală este:\\ $I_{\mathrm{p}}=\frac{E}{R / 2}$;\\ Rezultă $I_{\mathrm{s}} / I_{\mathrm{p}}=0,25$. Răspuns corect e.\\"
"Admitere F iulie 2014","2014.A.11.","Se realizează circuitul din figură format dintr-un cerc de rază $1 \mathrm{~m}$ şi două diametre perpendiculare, alimentat de patru generatoare identice, fiecare cu t.e.m. de $1 \mathrm{~V}$ şi rezistenţa internă neglijabilă. Firele de legătură au rezistenţa pe unitatea de lungime $0,1 \Omega / \mathrm{m}$. In punctele $A$, $B$, $C$, $D$, $O$ există contacte electrice. Intensitatea curentului $I_{D O}$ este: (5 pct.)\\","$\frac{40}{4+\pi} \mathrm{~A}$","$\frac{40}{\pi} \mathrm{~A}$","$10 \pi \mathrm{~A}$","$\frac{\pi+2}{\pi+4} \mathrm{~A}$","$\frac{40}{2+\pi} \mathrm{~A}$","$\frac{20}{2+\pi} \mathrm{~A}$","images/2025_08_19_9e83650bd9c853eca85eg-04(1)","a","Notăm $R$ rezistenţa electrică a unui fir conductor de lungime egală cu raza cercului.\\ $R=0,1 \frac{\Omega}{\mathrm{~m}} \cdot 1 \mathrm{~m}=0,1 \Omega$.\\ Să observăm că circuitul electric este simetric în raport cu diametrul $C D$. În baza acestei proprietăţi, prin laturile $O A$ şi $O B$ trec curenţi egali, ambii intrând în $O$ sau ambii ieşind din $O$. Conform primei teoreme a lui Kirchhoff aplicată nodului $O$, prin latura $O C$ trece un curent egal cu $I_{D O}$, de la $O$ la $C$. În $C$, din motive de simetrie, acest curent se desparte în părţi egale, $I_{D O} / 2$ care circulă de la $C$ la $A$, respectiv de la $C$ la $B$. Considerând nodul $D$, justificăm similar trecerea unui curent $I_{D O} / 2$ de la $A$ la $D$ şi de la $B$ la $D$. Aplicăm acum prima teoremă a lui Kirchhoff nodurilor $A$ şi $B$ obţinând că prin laturile $O A$ şi $O B$ nu trece curent electric. Laturile $O A$ şi $O B$ pot fi scoase din circuit fără a afecta comportarea electrică a acestuia. Schema electrică echivalentă este prezentată mai jos.\\ \begin{center} \includegraphics[width=0.4\linewidth]{images/2025_08_19_9e83650bd9c853eca85eg-04} \end{center}\\ Fiecare semicerc se comportă ca o sursă cu t.e.m. $2 E$ şi rezistenţa internă $\pi R$. Montajul paralel al acestor surse identice este echivalent cu o singură sursă cu t.e.m. $2 E$ şi rezistenţa internă $\pi R / 2$. Această sursă echivalentă alimentează consumatorul cu rezistenţa electrică $2 R$ a diametrului $C D$.\\ $I_{D O}=\frac{2 E}{2 R+\pi R / 2}=\frac{4}{4+\pi} \frac{E}{R}=\frac{4}{4+\pi} \frac{1 \mathrm{~V}}{0,1 \Omega}=\frac{40}{4+\pi} \mathrm{~A}$. Răspuns corect a.\\"
"Admitere F iulie 2014","2014.A.12.","Două rezistoare cu rezistenţele $R_{1}=0,5 \Omega$ şi $R_{2}=0,75 \Omega$ sunt montate în serie, iar gruparea este conectată la o sursă cu t.e.m. de $5,4 \mathrm{~V}$ şi rezistenţa internă de $0,1 \Omega$. Puterea disipată pe rezistorul $R_{1}$ este: (5 pct.)\\","$2,25 \mathrm{~W}$","$2 \mathrm{~W}$","$16 \mathrm{~W}$","$8 \mathrm{~W}$","$2,25 \mathrm{~W}$","$4 \mathrm{~W}$","N/A","d","Notăm $E=5,4 \mathrm{~V}$ şi $r=0,1 \Omega$. Curentul în circuit este $I=E /\left(R_{1}+R_{2}+r\right)$, iar puterea disipată pe rezistorul $R_{1}$ este:\\ $I^{2} R_{1}=\frac{E^{2} R_{1}}{\left(R_{1}+R_{2}+r\right)^{2}}=8 \mathrm{~W}$. Răspuns corect d.\\"
"Admitere F iulie 2014","2014.A.13.","Considerând ciclurile termodinamice Carnot, Otto şi Diesel, două transformări izocore apar în: (5 pct.)\\","în toate trei","ciclul Diesel","ciclul Carnot","în niciunul","în ciclurile Carnot şi Diesel","ciclul Otto","N/A","f","Ciclul Otto. Răspuns corect f.\\"
"Admitere F iulie 2014","2014.A.14.","Un mobil pleacă din repaus şi în primele $n$ secunde parcurge rectiliniu uniform accelerat un spaţiu egal cu $2 n^{2}$ metri. Acceleraţia mobilului este egală cu: (5 pct.)\\","$2 \mathrm{~m} / \mathrm{s}^{2}$","$4 \mathrm{~m} / \mathrm{s}^{2}$","$2,25 \mathrm{~m} / \mathrm{s}^{2}$","$8 \mathrm{~m} / \mathrm{s}^{2}$","$10 \mathrm{~m} / \mathrm{s}^{2}$","$1 \mathrm{~m} / \mathrm{s}^{2}$","N/A","b","Notăm $t=n \mathrm{~s}$ şi $d=2 n^{2} \mathrm{~m}$. Din ecuaţia de mişcare $d=\frac{1}{2} a t^{2}$, acceleraţia mişcării este: $a=\frac{2 d}{t^{2}}=4 \mathrm{~m} / \mathrm{s}^{2}$. Răspuns corect b.\\"
"Admitere F iulie 2014","2014.A.15.","Sub acţiunea unei forţe orizontale de $50 \mathrm{~N}$, un corp se deplasează orizontal timp de $2 \mathrm{~min}$ cu viteza constantă de $5 \mathrm{~m} / \mathrm{s}$. Lucrul mecanic efectuat de forţă este: (5 pct.)\\","$2500 \mathrm{~J}$","$180 \mathrm{~N} \cdot \mathrm{~m}$","$30 \mathrm{~J}$","$8 \mathrm{~kJ}$","$30 \mathrm{~kJ}$","$1000 \mathrm{~J}$","N/A","e","Notăm $F=50 \mathrm{~N}$, $\Delta t=2 \mathrm{~min}=120 \mathrm{~s}$ şi $v=5 \mathrm{~m} / \mathrm{s}$. Distanţa străbătută de corp este $d=v \Delta t$.\\ Lucrul mecanic efectuat de forţă este $F d=F v \Delta t=30000 \mathrm{~J}=30 \mathrm{~kJ}$. Răspuns corect e.\\"
"Admitere F iulie 2014","2014.A.16.","Impulsul unui corp este $4 \mathrm{~kg} \cdot \mathrm{~m} / \mathrm{s}$, iar energia sa cinetică este $16 \mathrm{~J}$. Masa corpului este: (5 pct.)\\","$2 \mathrm{~kg}$","$0,5 \mathrm{~kg}$","$1,5 \mathrm{~kg}$","$0,1 \mathrm{~kg}$","$0,75 \mathrm{~kg}$","$1 \mathrm{~kg}$","N/A","b","Notăm $p=4 \mathrm{~kg} \cdot \mathrm{~m} / \mathrm{s}$, $E_{\mathrm{c}}=16 \mathrm{~J}$, $m$ - masa corpului şi $v$ - viteza acestuia.\\ Între relaţiile de definiţie $p=m v$ şi $E_{\mathrm{c}}=(1 / 2) m v^{2}$ eliminăm $v$.\\ Se obţine: $m=\frac{p^{2}}{2 E_{\mathrm{c}}}=0,5 \mathrm{~kg}$. Răspuns corect b.\\"
"Admitere F iulie 2014","2014.A.17.","Un volum de $30$ litri dintr-un gaz ideal aflat la presiunea de $16,62 \cdot 10^{5} \mathrm{~N} / \mathrm{m}^{2}$ şi temperatura de $300 \mathrm{~K}$ ($R=8,31 \mathrm{~J} / \mathrm{mol} \mathrm{K}$) conţine un număr de moli egal cu: (5 pct.)\\","$20$","$1$","$15$","$14$","$30$","$2$","N/A","a","Notăm $V=30 \mathrm{~L}=3 \cdot 10^{-2} \mathrm{~m}^{3}$, $p=16,62 \cdot 10^{5} \mathrm{~N} / \mathrm{m}^{2}$, $T=300 \mathrm{~K}$ şi $\nu$ - cantitatea de gaz.\\ Din ecuaţia termică de stare a gazului ideal $p V=\nu R T$ rezultă:\\ $\nu=\frac{p V}{R T}=20 \mathrm{~mol}$. Răspuns corect a.\\"
"Admitere F iulie 2014","2014.A.18.","În Arctica iarna, temperatura aerului atinge $-37,36^{\circ} \mathrm{C}$, în timp ce temperatura apei sub gheaţă este $+1^{\circ} \mathrm{C}\left(0^{\circ} \mathrm{C}=273 \mathrm{~K}\right)$. O maşină bitermă ideală care lucrează între aceste temperaturi are randamentul: (5 pct.)\\","$30 \%$","$5 \%$","$14 \%$","$50 \%$","$10 \%$","$1 \%$","N/A","c","Temperatura sursei calde este $T_{1}=(273+1) \mathrm{K}=274 \mathrm{~K}$ şi temperatura sursei reci este $T_{2}=(273-37,36) \mathrm{K}=235,64 \mathrm{~K}$. Randamentul maşinii termice este:\\ $\eta=\frac{T_{1}-T_{2}}{T_{1}}=0,14=14 \%$. Răspuns corect c.\\"
"Admitere F iulie 2013","2013.A.1.","Un conductor de cupru ($\rho=1,7 \cdot 10^{-8} \Omega \cdot \mathrm{m}$) are lungimea de $300 \mathrm{~m}$ şi aria secţiunii transversale de $1 \mathrm{~mm}^{2}$. Rezistenţa conductorului este:\\","$10,1 \Omega$","$2,2 \Omega$","$3,5 \Omega$","$5,1 \Omega$","$7,5 \Omega$","$4,7 \Omega$","N/A","d","Rezistenţa conductorului este $R=\rho \frac{l}{S}=5,1 \Omega$. Răspuns corect d.\\"
"Admitere F iulie 2013","2013.A.2.","Un gaz ideal suferă o transformare izobară la presiunea de $10^{5} \mathrm{~N} / \mathrm{m}^{2}$ în cursul căreia volumul său creşte de la $10 \mathrm{dm}^{3}$ la $50 \mathrm{dm}^{3}$. Lucrul mecanic efectuat de gaz este:\\","$4 \mathrm{~kJ}$","$4 \cdot 10^{6} \mathrm{~J}$","$8 \mathrm{~kJ}$","$1,2 \mathrm{~kJ}$","$400 \mathrm{~J}$","$5 \mathrm{~J}$","N/A","a","Lucrul mecanic efectuat de gaz într-o transformare izobară este:\\ $L=p \Delta V=4 \mathrm{~kJ}$. Răspuns corect a.\\"
"Admitere F iulie 2013","2013.A.3.","Un motor termic funcţionează după un ciclu Carnot cu randamentul $0,5$. Cunoscând temperatura sursei reci de $250 \mathrm{~K}$, temperatura sursei calde este:\\","$600 \mathrm{~K}$","$500 \mathrm{~K}$","$800 \mathrm{~K}$","$400 \mathrm{~K}$","$1000 \mathrm{~K}$","$300 \mathrm{~K}$","N/A","b","Din randamentul ciclului Carnot $\eta=1-\frac{T_{2}}{T_{1}}$, rezultă temperatura sursei calde:\\ $T_{1}=500 \mathrm{~K}$. Răspuns corect b.\\"
"Admitere F iulie 2013","2013.A.4.","La bornele unui acumulator cu t.e.m. de $10 \mathrm{~V}$ și rezistenţa internă de $1 \Omega$ se leagă un rezistor cu rezistenţa de $4 \Omega$. Puterea disipată pe rezistor este:\\","$4 \mathrm{~W}$","$64 \mathrm{~W}$","$8 \mathrm{~W}$","$16 \mathrm{~W}$","$32 \mathrm{~W}$","$20 \mathrm{~W}$","N/A","d","Puterea disipată pe rezistor este: $P=\frac{R E^{2}}{(R+r)^{2}}=16 \mathrm{~W}$. Răspuns corect d.\\"
"Admitere F iulie 2013","2013.A.5.","Un corp cu masa de $10 \mathrm{kg}$ este tras pe un plan orizontal cu o forţă de $70 \mathrm{~N}$ paralelă cu planul. În absenţa frecărilor, acceleraţia corpului este:\\","$0,14 \mathrm{~m} / \mathrm{s}^{2}$","$21 \mathrm{~m} / \mathrm{s}^{2}$","$700 \mathrm{~m} / \mathrm{s}^{2}$","$7 \mathrm{~m} / \mathrm{s}^{2}$","$5 \mathrm{~m} / \mathrm{s}^{2}$","$0,17 \mathrm{~m} / \mathrm{s}^{2}$","N/A","d","Din $\vec{F}=m \vec{a}$ rezultă $a=7 \mathrm{~m} / \mathrm{s}^{2}$. Răspuns corect d.\\"
"Admitere F iulie 2013","2013.A.6.","Un corp de masă $2 \mathrm{~kg}$ se deplasează cu viteza de $15 \mathrm{~m} / \mathrm{s}$. Impulsul corpului este:\\","$17 \mathrm{~kg} \cdot \mathrm{m} / \mathrm{s}$","$30 \mathrm{~kg} \cdot \mathrm{m} / \mathrm{s}$","$7,5 \mathrm{~kg} \cdot \mathrm{m} / \mathrm{s}$","$225 \mathrm{~J}$","$225 \mathrm{~kg} \cdot \mathrm{m} / \mathrm{s}$","$15 \mathrm{~N}$","N/A","b","Impulsul corpului este: $\vec{p}=m \vec{v}=30 \mathrm{~kg} \cdot \mathrm{m} / \mathrm{s}$. Răspuns corect b.\\"
"Admitere F iulie 2013","2013.A.7.","În SI puterea se măsoară în:","$\frac{\mathrm{kW}}{\mathrm{h}}$","$\mathrm{J} \cdot \mathrm{s}$","$\mathrm{kg} \cdot \mathrm{s}$","$\mathrm{kWh}$","$\mathrm{N} \cdot \mathrm{m}$","$\mathrm{W}$","N/A","f","În SI puterea se măsoară în Wați ($\mathrm{W}$). Răspuns corect f.\\"
"Admitere F iulie 2013","2013.A.8.","Volumul unui gaz ideal a fost redus izoterm cu $20 \%$. Presiunea gazului a crescut cu:\\","$20 \%$","$22,5 \%$","$12 \%$","$33 \%$","$18 \%$","$25 \%$","N/A","f","Din ecuaţia transformării izoterme $p V=$ const., rezultă:\\ $p_{1} V_{1}=\left(p_{1}+x p_{1}\right) \cdot\left(V_{1}-f V_{1}\right)$;\\ Deci $x=25 \%$. Răspuns corect f.\\"
"Admitere F iulie 2013","2013.A.9.","Secţiunea transversală a unui conductor este traversată în $3 \mathrm{~s}$ de o sarcină electrică de $1,8 \mathrm{C}$. Intensitatea curentului prin conductor este:\\","$0,8 \mathrm{~A}$","$5,4 \mathrm{~A}$","$6 \mathrm{~A}$","$1 \mathrm{~A}$","$0,54 \mathrm{~A}$","$0,6 \mathrm{~A}$","N/A","f","Intensitatea curentului prin conductor este: $I=\frac{q}{\Delta t}=0,6 \mathrm{~A}$. Răspuns corect f.\\"
"Admitere F iulie 2013","2013.A.10.","Un gaz ideal aflat într-un recipient de volum $6 \mathrm{dm}^{3}$ are presiunea de $16,62 \cdot 10^{5} \mathrm{~N} / \mathrm{m}^{2}$ la temperatura de $300 \mathrm{~K}$ . Dacă $R=8,31 \mathrm{~J} / \mathrm{mol} \cdot \mathrm{K}$, numărul de moli de gaz este:\\","$6$","$4$","$16$","$2$","$8$","$1$","N/A","b","Din ecuaţia de stare a gazului ideal, $p V=\nu R T$, rezultă numărul de moli de gaz: $\nu=4$ moli. Răspuns corect b.\\"
"Admitere F iulie 2013","2013.A.11.","Trei rezistori cu rezistenţele de $5 \Omega$, $6 \Omega$, $14 \Omega$ sunt legaţi în serie. Rezistenţa echivalentă a grupării este:\\","$13 \Omega$","$3 \Omega$","$11 \Omega$","$25 \Omega$","$35 \Omega$","$15 \Omega$","N/A","d","Rezistenţa echivalentă a grupării de rezistoare legate în serie este:\\ $R_{e}=R_{1}+R_{2}+R_{3}=25 \Omega$. Răspuns corect d.\\"
"Admitere F iulie 2013","2013.A.12.","Un automobil cu masa de $900 \mathrm{~kg}$ are energia cinetică de $180 \mathrm{~kJ}$ . Viteza automobilului este:\\","$15 \mathrm{~m} / \mathrm{s}$","$10 \mathrm{~m} / \mathrm{s}$","$24 \mathrm{~m} / \mathrm{s}$","$20 \mathrm{~m} / \mathrm{s}$","$2 \mathrm{~m} / \mathrm{s}$","$400 \mathrm{~m} / \mathrm{s}$","N/A","d","Din expresia energiei cinetice, $E_{c}=\frac{m v^{2}}{2}$, rezultă viteza automobilului:\\ $v=20 \mathrm{~m} / \mathrm{s}$. Răspuns corect d.\\"
"Admitere F iulie 2013","2013.A.13.","O baterie formată din patru elemente identice legate în serie, fiecare element având t.e.m. de $2,5 \mathrm{~V}$ şi rezistenţa internă de $0,1 \Omega$, alimentează un circuit format din două rezistoare cu rezistențele $R_{1}=16 \Omega$ și $R_{2}=24 \Omega$ legate în paralel. Energia disipată pe rezistorul $R_{1}$ în timp de $1000 \mathrm{~s}$ este:\\","$2130 \mathrm{~J}$","$8200 \mathrm{~J}$","$5,76 \mathrm{~J}$","$2,84 \mathrm{~kJ}$","$5,76 \mathrm{~kJ}$","$4580 \mathrm{~J}$","N/A","e","Intensitatea curentului în circuitul format din baterie și rezistenţa echivalentă grupării de rezistoare legate în paralel este: $I=\frac{n E}{n r+\frac{R_{1} R_{2}}{R_{1}+R_{2}}}$. Acest curent se împarte între cele două rezistoare astfel încât: $I=I_{1}+I_{2}$ şi $I_{1} R_{1}=I_{2} R_{2}$, de unde rezultă $I_{1}=\frac{I R_{2}}{R_{1}+R_{2}}$.\\ Energia disipată pe rezistorul $R_{1}$ în timpul $t$ este: $W_{1}=R_{1} I_{1}^{2} t=5,76 \mathrm{~kJ}$. Răspuns corect e.\\"
"Admitere F iulie 2013","2013.A.14.","Un generator cu t.e.m. de $12 \mathrm{~V}$ are intensitatea curentului de scurtcircuit de $40 \mathrm{~A}$. Rezistenţa unui rezistor, care legat la bornele generatorului face ca tensiunea la borne să fie egală cu $11 \mathrm{~V}$, este:\\","$3,3 \Omega$","$1,4 \Omega$","$3 \Omega$","$2,8 \Omega$","$6,2 \Omega$","$3,6 \Omega$","N/A","a","Tensiunea la bornele rezistorului este: $U=\frac{R E}{R+\frac{E}{I_{s}}}$, de unde $R=3,3 \Omega$. Răspuns corect a.\\"
"Admitere F iulie 2013","2013.A.15.","Un corp cu masa de $50 \mathrm{~kg}$ este ridicat vertical cu viteza de $3 \mathrm{~m} / \mathrm{s}$ timp de $8 \mathrm{~s}$ ($g=10 \mathrm{~m} / \mathrm{s}^{2}$) folosind un motor termic cu randamentul de $60 \%$. Valoarea absolută a căldurii cedate de motor este:\\","$2 \mathrm{~kJ}$","$10 \mathrm{~kJ}$","$8 \mathrm{~kJ}$","$3,2 \mathrm{~kJ}$","$4 \mathrm{~kJ}$","$240 \mathrm{~J}$","N/A","c","Randamentul motorului este $\eta=\frac{L}{Q_{p}}$ iar $L=Q_{p}-\left|Q_{c}\right|$, de unde rezultă:\\ $\left|Q_{c}\right|=L\left(\frac{1}{\eta}-1\right)=\mathrm{m g v t}\left(\frac{1}{\eta}-1\right)=8 \mathrm{~kJ}$. Răspuns corect c.\\"
"Admitere F iulie 2013","2013.A.16.","Un automobil electric cu masa de $0,4 \mathrm{t}$ coboară o pantă cu viteza constantă de $18 \mathrm{~km} / \mathrm{h}$ ($g=10 \mathrm{~m} / \mathrm{s}^{2}$) cu motorul oprit. La urcarea pantei cu aceeaşi viteză, motorul automobilului consumă un curent de $50 \mathrm{~A}$ la tensiunea de $100 \mathrm{~V}$. Sinusul unghiului format de pantă cu orizontala este:\\","$\frac{1}{2}$","$\frac{1}{8}$","$\frac{\sqrt{2}}{2}$","$0,3$","$\frac{\sqrt{3}}{2}$","$\frac{1}{16}$","N/A","b","Ecuaţiile de mişcare la coborârea şi urcarea pantei cu viteză constantă sunt: $m g \sin \alpha-\mu m g \cos \alpha=0$ şi respectiv $F-m g \sin \alpha-\mu m g \cos \alpha=0$ în care $F$ este forţa motorului: $F=\frac{U I}{v}$. Rezultă $\sin \alpha=\frac{1}{8}$. Răspuns corect b.\\"
"Admitere F iulie 2013","2013.A.17.","O cantitate de gaz ideal monoatomic ($C_{V}=\frac{3}{2} R$) parcurge ciclul reversibil din figură. Randamentul ciclului este:\\","$0,18$","$0,25$","$\frac{16}{97}$","$\frac{1}{6}$","$0,07$","$\frac{1}{7}$","images/2025_08_19_9e83650bd9c853eca85eg-10","c","Randamentul ciclului este $\eta=\frac{L}{Q_{p}}$.\\ Lucrul mecanic efectuat de gaz într-un ciclu este $L=\frac{p_{0} V_{0}}{2}$.\\ \begin{center} \includegraphics[width=0.4\linewidth]{images/2025_08_19_9e83650bd9c853eca85eg-10(1)} \end{center}\\ Gazul primeşte căldură în transformarea izocoră $Q_{31}=\nu C_{V}\left(T_{1}-T_{3}\right)=\frac{3}{2} p_{0} V_{0}$ şi pe porţiunea 1-M din transformarea $1-2$, $Q_{1 M}$, care se calculează în felul următor:\\ Ecuaţia dreptei $1-2$ este $p=a V+b$ cu $a=-\frac{p_{0}}{V_{0}}$ şi $b=3 p_{0}$;\\ Considerând un punct oarecare (de coordonate $p, V$ ) de pe dreapta $1-2$, se calculează lucrul mecanic, variaţia de energie internă şi căldura pe transformarea 1-acel punct:\\ $L(V)=\frac{\left(p+2 p_{0}\right)\left(V-V_{0}\right)}{2}=-\frac{p_{0} V^{2}}{2 V_{0}}+3 p_{0} V-\frac{5 p_{0} V_{0}}{2}$\\ $\Delta U(V)=\nu C_{V}\left(T-T_{1}\right)=-\frac{3 p_{0} V^{2}}{2 V_{0}}+\frac{9 p_{0} V}{2}-3 p_{0} V_{0}$\\ $Q(V)=\Delta U(V)+L(V)=-\frac{2 p_{0} V^{2}}{V_{0}}+\frac{15 p_{0} V}{2}-\frac{11 p_{0} V_{0}}{2}$.\\ Din condiţia ca funcţia $Q(V)$ să prezinte un maxim, $Q^{\prime}(V)=0$, rezultă volumul corespunzător punctului $\mathrm{M}$, $V_{M}=\frac{15}{8} V_{0}$, şi căldura $Q_{1 M}=\frac{49}{32} p_{0} V_{0}$.\\ Căldura totală primită de gaz pe un ciclu este $Q_{p}=Q_{31}+Q_{1 M}=\frac{97}{32} p_{0} V_{0}$, iar randamentul ciclului are valoarea $\eta=\frac{16}{97}$. Răspuns corect c.\\"
"Admitere F iulie 2013","2013.A.18.","Un corp cade liber. În secunda $n$ a mişcării corpul parcurge o distanţă de $1,4$ ori mai mare decât în secunda anterioară. Dacă se neglijează frecarea cu aerul, valoarea lui $n$ este:\\","$4$","$2$","$5$","$7$","$8$","$3$","N/A","a","Spaţiile parcurse de corp în primele $n$, $n-1$ și respectiv $n-2$ secunde sunt: $s_{n}=\frac{1}{2} g n^{2}$, $s_{n-1}=\frac{1}{2} g(n-1)^{2}$, $s_{n-2}=\frac{1}{2} g(n-2)^{2}$.\\ Din condiţia $s_{n}-s_{n-1}=k\left(s_{n-1}-s_{n-2}\right)$, cu $k=1,4$, rezultă $n=4$. Răspuns corect a.\\"
"Admitere F iulie 2012","2012.A.1.","Două rezistoare cu rezistențele $R_{1}=4 \Omega$ şi $R_{2}=8 \Omega$ se montează în serie, apoi în paralel. Raportul dintre rezistențele echivalente serie/paralel este:\\","$1 / 2$","$9 / 2$","$2$","$3 / 16$","$2 / 9$","$16 / 3$","N/A","b","Rezistenţele echivalente serie, respectiv paralel, sunt:\\ $R_{s}=R_{1}+R_{2}$ şi $R_{p}=\frac{R_{1} R_{2}}{R_{1}+R_{2}}$.\\ Raportul lor este: $\frac{R_{s}}{R_{p}}=\frac{\left(R_{1}+R_{2}\right)^{2}}{R_{1} R_{2}}=\frac{9}{2}$. Răspuns corect b.\\"
"Admitere F iulie 2012","2012.A.2.","Conductoarele $\mathrm{AB}$, $\mathrm{BC}$, $\mathrm{CD}$ și $\mathrm{DA}$ formează un circuit dreptunghiular ca în figură, iar conductorul $\mathrm{AC}$ este pe diagonală. Toate conductoarele au aceeaşi rezistenţă pe unitatea de lungime. Laturile dreptunghiului au lungimile $a$ şi $b=\frac{4 a}{3}$. Rezistenţa echivalentă între punctele B şi D se notează cu $R_{B D}$, iar cea între punctele A şi C cu $R_{A C}$. Raportul dintre $R_{B D}$ şi $R_{A C}$ este:\\","$27 / 35$","$24 / 35$","$48 / 35$","$79 / 35$","$62 / 35$","$59 / 35$","images/2025_08_19_9e83650bd9c853eca85eg-12","f","Figura problemei:\\ \begin{center} \includegraphics[width=0.4\linewidth]{images/2025_08_19_9e83650bd9c853eca85eg-12} \end{center}\\ Dacă notăm cu $\beta$ rezistenţa pe unitatea de lungime a conductoarelor, atunci rezistențele laturilor dreptunghiului sunt:\\ $r_{A B}=\frac{4}{3} \beta a$, $r_{B C}=\beta a$, $r_{C D}=\frac{4}{3} \beta a$, $r_{A D}=\beta a, r_{A C}=\frac{5}{3} \beta a$.\\ Rezistenţa echivalentă între punctele A şi C, $R_{A C}$, are valoarea:\\ $R_{A C}=\frac{1}{1 /\left(r_{A B}+r_{B C}\right)+1 /\left(r_{A D}+r_{C D}\right)+1 / r_{A C}}=\frac{35}{51} \beta a$.\\ Rezistenţa echivalentă între punctele B și D se calculează considerând situaţia în care puntea este alimentată între aceste două puncte la tensiunea $U$ şi prin conductoare circulă curenţi electrici, notaţi ca în figură. Considerând tensiunea un parametru fixat, din rezolvarea sistemului de 5 ecuaţii cu 5 necunoscute (curenţii $I$), sistem obţinut din legile lui Kirchhoff:\\ $I_{1}-I_{3}-I_{5}=0; \quad I_{2}+I_{5}-I_{4}=0; \quad \beta a I_{1}+\frac{5 \beta a}{3} I_{5}-\frac{4 \beta a}{3} I_{2}=0; \quad \beta a I_{1}+\frac{4 \beta a}{3} I_{3}=U; \quad \frac{4 \beta a}{3} I_{2}+\beta a I_{4}=U$\\ Rezultă $I_{1}=\frac{27}{59 \beta a} U$ şi $I_{2}=\frac{24}{59 \beta a} U$. Deoarece $I=I_{1}+I_{2}$ şi $R_{B D}=\frac{U}{I}$, obţinem $R_{B D}=\frac{59}{51} \beta a$ şi raportul $\frac{R_{B D}}{R_{A C}}=\frac{59}{35}$. Răspuns corect f.\\"
"Admitere F iulie 2012","2012.A.3.","Pornind fără viteză iniţială, un mobil se deplasează rectiliniu pe distanţa de $100 \mathrm{~m}$. Pe primul şi ultimul sfert din distanţa parcursă mobilul se mişcă cu aceeaşi acceleraţie constantă, iar în rest viteza sa este constantă şi egală cu $10 \mathrm{~m} / \mathrm{s}$. Durata deplasării este:\\","$5(\sqrt{2}+1) \mathrm{~s}$","$5 \sqrt{2} \mathrm{~s}$","$0,01 \mathrm{~h}$","$5(\sqrt{2}-1) \mathrm{~s}$","$14 \mathrm{~s}$","$5 / \sqrt{2} \mathrm{~s}$","N/A","a","Pentru primul sfert de drum, din formula lui Galilei, $v^{2}=2 a \frac{d}{4}$, se obţine acceleraţia $a$. Astfel, durata deplasării pe primul sfert de drum este:\\ $t_{1}=\frac{v}{a}=\frac{d}{2 v}=5 \mathrm{~s}$.\\ Durata în care mobilul se deplasează cu viteză constantă este:\\ $t_{2}=\frac{d}{2 v}=5 \mathrm{~s}$.\\ După parcurgerea ultimului sfert de drum, viteza finală este $v_{f}=\sqrt{v^{2}+2 a \frac{d}{4}}$, iar durata corespunzătoare este $t_{3}=\frac{v_{f}-v}{a}=5(\sqrt{2}-1) \mathrm{s}$.\\ Durata totală a deplasării este $t=t_{1}+t_{2}+t_{3}=5(\sqrt{2}+1) \mathrm{~s}$. Răspuns corect a.\\"
"Admitere F iulie 2012","2012.A.4.","Două automobile pleacă în acelaşi moment unul spre celălalt din două localităţi aflate la distanţa de $120 \mathrm{~km}$. Vehiculele se deplasează cu aceeaşi viteză constantă de $60 \mathrm{~km} / \mathrm{h}$. Mobilele se întâlnesc după:\\","$1,5 \mathrm{~h}$","$2 \mathrm{~h}$","$75$ minute","$60$ minute","$45$ minute","$3 \mathrm{~h}$","N/A","d","Din condiţia de întâlnire, $d=v_{1} t+v_{2} t$, rezultă $t=60$ minute. Răspuns corect d.\\"
"Admitere F iulie 2012","2012.A.5.","Un corp cu masa de $100 \mathrm{~kg}$ se află la $10 \mathrm{~m}$ deasupra solului. Se consideră $g=9,81 \mathrm{~m} \cdot \mathrm{~s}^{-2}$. Energia potenţială gravitaţională a corpului este:\\","$981 \mathrm{~J}$","$9,81 \mathrm{~J}$","$1 \mathrm{~kJ}$","$98,10 \mathrm{~J}$","$9810 \mathrm{~J}$","$98,1 \mathrm{~kJ}$","N/A","e","Energia potenţială gravitaţională a corpului este: $E_{p}=m g h=9810 \mathrm{~J}$. Răspuns corect e.\\"
"Admitere F iulie 2012","2012.A.6.","Căldura degajată la trecerea unui curent electric de intensitate $I$ printr-un conductor de rezistenţă $R$, în intervalul de timp $\Delta t$ este:\\","$I^{2} R \Delta t$","$I R^{2} \Delta t^{2}$","$I R^{2} \Delta t$","$I / R^{2} \Delta t$","$I^{2} R^{2} / \Delta t$","$I^{2} R^{2} \Delta t$","N/A","a","Căldura degajată este: $Q=R I^{2} \Delta t$. Răspuns corect a.\\"
"Admitere F iulie 2012","2012.A.7.","Un circuit electric simplu este format dintr-o sursă de tensiune cu rezistenţa internă $r$ şi un rezistor cu rezistenţa $R=4 r$. Randamentul circuitului este:\\","$0,2$","$0,3$","$0,7$","$0,4$","$0,6$","$0,8$","N/A","f","Randamentul circuitului electric este: $\eta=\frac{P_{u}}{P_{c}}=\frac{R}{R+r}=0,8$. Răspuns corect f.\\"
"Admitere F iulie 2012","2012.A.8.","Randamentul unui ciclu Carnot care funcţionează între temperaturile $T_{1}=600 \mathrm{~K}$ şi $T_{2}=300 \mathrm{~K}$ este:\\","$0,4$","$0,6$","$0,75$","$0,5$","$0,25$","$0,55$","N/A","d","Randamentul ciclului Carnot este: $\eta=1-\frac{T_{2}}{T_{1}}=0,5$. Răspuns corect d.\\"
"Admitere F iulie 2012","2012.A.9.","Relaţia Robert-Mayer este:\\","$C_{p}=C_{V}+R$","$\gamma=C_{p} / C_{V}$","$C_{V}=C_{p}+R$","$C_{p}=C_{V}-R / 2$","$R=C_{p}+C_{V}$","$\Delta U=Q-L$","N/A","a","Relaţia Robert-Mayer este: $C_{p}=C_{V}+R$. Răspuns corect a.\\"
"Admitere F iulie 2012","2012.A.10.","Expresia legii lui Ohm pentru un circuit simplu este:\\","$I=\frac{U}{R}+\frac{E}{r}$","$I=\frac{U}{R}$","$I=\frac{E}{r}$","$I=\frac{U}{r}$","$I=\frac{E}{R+r}$","$I=\frac{U}{R+r}$","N/A","e","Legea lui Ohm pentru un circuit simplu este: $I=\frac{E}{R+r}$. Răspuns corect e.\\"
"Admitere F iulie 2012","2012.A.11.","Unitatea de măsură în SI pentru rezistivitatea electrică a unui material conductor este:\\","$\Omega$","$\Omega \cdot \mathrm{m}^{2}$","$\frac{\Omega}{\mathrm{m}}$","$\frac{\Omega^{2}}{\mathrm{m}}$","$\Omega \cdot \mathrm{m}$","$\Omega^{2} \cdot \mathrm{m}$","N/A","e","$[\rho]_{S I}=\Omega \cdot \mathrm{m}$. Răspuns corect e.\\"
"Admitere F iulie 2012","2012.A.12.","În condiţii normale de presiune şi temperatură $\left(p_{0}, T_{0}\right)$, densitatea unui gaz ideal este $\rho_{0}$. Cunoscând căldura specifică a gazului la volum constant $c_{V}$, exponentul său adiabatic este:\\","$\frac{\rho_{0}}{p_{0} T_{0} c_{V}}$","$1+\frac{\rho_{0}}{p_{0} c_{V}}$","$\frac{p_{0}}{\rho_{0} T_{0} c_{V}}$","$1+\frac{\rho_{0} T_{0} c_{V}}{p_{0}}$","$1-\frac{\rho_{0} T_{0} c_{V}}{p_{0}}$","$1+\frac{p_{0}}{\rho_{0} T_{0} c_{V}}$","N/A","f","$\gamma=\frac{C_{p}}{C_{V}}=\frac{C_{V}+R}{C_{V}}=1+\frac{R}{C_{V}}=1+\frac{R}{\mu C_{V}}$. Din ecuaţia termică de stare, $p_{0} V_{0}=\frac{m}{\mu} R T_{0}$, rezultă $\frac{R}{\mu}=\frac{p_{0} V_{0}}{m T_{0}}=\frac{p_{0}}{\rho_{0} T_{0}}$. Înlocuind în expresia lui $\gamma$ rezultă $\gamma=1+\frac{p_{0}}{\rho_{0} T_{0} c_{V}}$. Răspuns corect f.\\"
"Admitere F iulie 2012","2012.A.13.","În cursul unui ciclu termodinamic cu randamentul $\eta=0,2$ se efectuează un lucru mecanic de $1000 \mathrm{~J}$. Căldura cedată sursei reci în cursul ciclului are valoarea absolută de:\\","$5 \mathrm{~kJ}$","$1 \mathrm{~kJ}$","$6000 \mathrm{~J}$","$4 \mathrm{~kJ}$","$2000 \mathrm{~J}$","$3 \mathrm{~kJ}$","N/A","d","Din expresia randamentului, $\eta=\frac{L}{Q_{p}}$, se obţine căldura primită, $Q_{p}$, iar din expresia lucrului mecanic, $L=Q_{p}-\left|Q_{c}\right|$, rezultă $\left|Q_{c}\right|=\frac{L}{\eta}-L=4 \mathrm{~kJ}$. Răspuns corect d.\\"
"Admitere F iulie 2012","2012.A.14.","Un sistem termodinamic primeşte căldura $Q=400 \mathrm{~J}$ şi efectuează lucrul mecanic $L=200 \mathrm{~J}$. Variaţia energiei sale interne este:\\","$400 \mathrm{~J}$","-$200 \mathrm{~J}$","$1000 \mathrm{~J}$","$800 \mathrm{~J}$","$200 \mathrm{~J}$","$600 \mathrm{~J}$","N/A","e","Din ecuaţia principiului I al termodinamicii, $Q=\Delta U+L$, rezultă:\\ $\Delta U=Q-L=200 \mathrm{~J}$. Răspuns corect e.\\"
"Admitere F iulie 2012","2012.A.15.","Sub acţiunea unei forţe de $10 \mathrm{~kN}$ o bară metalică nedeformată se alungeşte cu $40 \mathrm{~mm}$. Lucrul mecanic efectuat este:\\","$120 \mathrm{~J}$","$350 \mathrm{~J}$","$50 \mathrm{~J}$","$970 \mathrm{~J}$","$80 \mathrm{~J}$","$200 \mathrm{~J}$","N/A","f","Forţa deformatoare este $F=k x$. Lucrul mecanic efectuat de această forţă este:\\ $L=\frac{k x^{2}}{2}=\frac{F x}{2}=200 \mathrm{~J}$. Răspuns corect f.\\"
"Admitere F iulie 2012","2012.A.16.","Un mobil se deplasează rectiliniu cu viteza constantă de $84 \frac{\mathrm{km}}{\mathrm{h}}$. Distanţa parcursă de mobil în $1200 \mathrm{~s}$ este:\\","$100 \mathrm{~m}$","$68 \mathrm{~km}$","$77 \mathrm{~m}$","$76 \mathrm{~km}$","$50 \mathrm{~m}$","$28 \mathrm{~km}$","N/A","f","Distanţa parcursă de mobil este: $d=v \cdot t=28 \mathrm{~km}$. Răspuns corect f.\\"
"Admitere F iulie 2012","2012.A.17.","Dintr-un punct aflat la înălțimea de $40 \mathrm{~m}$ se aruncă vertical în sus o piatră, cu viteza iniţială $v_{0}=10 \frac{\mathrm{~m}}{\mathrm{~s}}$. Se consideră $g=10 \frac{\mathrm{~m}}{\mathrm{~s}^{2}}$. Piatra cade pe sol după:\\","$3 \mathrm{~s}$","$1 \mathrm{~s}$","$3,25 \mathrm{~s}$","$2,5 \mathrm{~s}$","$2 \mathrm{~s}$","$4 \mathrm{~s}$","N/A","f","Faţă de punctul de aruncare, piatra se ridică la înălţimea $h_{u}=\frac{v_{0}^{2}}{2 g}=5 \mathrm{~m}$ în timpul $t_{u}=\frac{v_{0}}{g}=1 \mathrm{~s}$. Piatra coboară de la înălţimea maximă atinsă faţă de sol, $h_{\max}=45 \mathrm{~m}$, într-un timp $t_{c}=\sqrt{\frac{2 h_{\max}}{g}}=3 \mathrm{~s}$.\\ Timpul total după care piatra ajunge pe sol este: $t=4 \mathrm{~s}$. Răspuns corect f.\\"
"Admitere F iulie 2012","2012.A.18.","O cantitate de gaz ideal al cărui indice adiabatic este $\gamma=1,4$ este încălzită izobar şi efectuează lucrul mecanic $L=2 \mathrm{~J}$. Căldura primită de gaz în timpul acestui proces este:\\","$5 \mathrm{~J}$","$2 \mathrm{~J}$","$7 \mathrm{~J}$","$7 \mathrm{~kJ}$","$3 \mathrm{~kJ}$","$10 \mathrm{~J}$","N/A","c","Din lucrul mecanic efectuat de gaz în transformarea izobară, $L=p\left(V_{f}-V_{i}\right)=\nu R\left(T_{f}-T_{i}\right)$, rezultă diferenţa de temperatură între stările finală şi iniţială, $T_{f}-T_{i}$. Căldura primită de gaz în timpul procesului izobar este:\\ $Q=\nu C_{p}\left(T_{f}-T_{i}\right)=\nu \frac{\gamma R}{\gamma-1} \frac{L}{\nu R}=7 \mathrm{~J}$. Răspuns corect c.\\"
"Admitere Fa iulie 2019","2019.A.1.","Un sistem termodinamic închis efectuează un lucru mecanic de $200 \mathrm{~J}$ şi primeşte o cantitate de căldură de $600 \mathrm{~J}$. Variația energiei interne a sistemului este: (6pct.)\\","$600 \mathrm{~J}$","$400 \mathrm{~J}$","$300 \mathrm{~J}$","$-800 \mathrm{~J}$","$800 \mathrm{~J}$","$-600 \mathrm{~J}$","N/A","b","Variația energiei interne este diferenţa dintre căldura primită şi lucrul mecanic efectuat: $\Delta \mathrm{U}=\mathrm{Q}-\mathrm{L}=400 \mathrm{~J}$. Răspuns corect b.\\"
"Admitere Fa iulie 2019","2019.A.2.","Un mol de gaz ideal cu căldura molară la volum constant $\mathrm{C}_{\mathrm{v}}=3 \mathrm{R} / 2$ suferă o transformare descrisă de relaţia $\mathrm{T}=\mathrm{aV}^{2}$, unde $a$ este o constantă pozitivă. Căldura molară în această transformare este: (6pct.)\\","$5 R / 2$","$R$","$3 R / 2$","$R / 2$","$2 R$","$3 R$","N/A","e","Folosind ecuaţia termică de stare a gazului ideal $\mathrm{pV}=\nu \mathrm{RT}$ şi ecuaţia transformării suferite de gazul ideal $T=a V^{2}$, obţinem $p V=\nu R a V^{2}$, adică $p=b V$, unde $b=\nu R a$ este tot o constantă pozitivă.\\ În coordonate $\mathrm{p}-\mathrm{V}$, transformarea gazului este descrisă de o dreaptă care trece prin origine. Considerând transformarea între stările iniţială şi finală de temperaturi $\mathrm{T}_{\mathrm{i}}$ şi $\mathrm{T}_{\mathrm{f}}$, după calcularea variaţiei energiei interne $\Delta U=\nu C_{v}\left(T_{f}-T_{i}\right)$ şi a lucrului mecanic efectuat de gaz $L=\frac{p_{f}+p_{i}}{2}\left(V_{f}-V_{i}\right)=\frac{b}{2}\left(V_{f}^{2}-V_{i}^{2}\right)=\nu \frac{R}{2}\left(T_{f}-T_{i}\right)$, folosind $Q=\Delta U+L$ şi definiţia căldurii molare $\mathrm{C}=\frac{\mathrm{Q}}{\nu\left(\mathrm{~T}_{\mathrm{f}}-\mathrm{T}_{\mathrm{i}}\right)}$, se obţine căldura molară a gazului în această transformare: $\mathrm{C}=\mathrm{C}_{\mathrm{v}}+\frac{\mathrm{R}}{2}=2 \mathrm{R}$. Răspuns corect e.\\"
"Admitere Fa iulie 2019","2019.A.3.","Printr-un rezistor cu rezistenţa $R=40 \Omega$ trece un curent cu intensitatea $I=5 \mathrm{~A}$. Energia disipată pe rezistor în timp de o oră este: (6pct.)\\","$7,2 \mathrm{~MJ}$","$100 \mathrm{~kJ}$","$3,6 \mathrm{~kJ}$","$3,6 \mathrm{~MJ}$","$7,2 \mathrm{~kJ}$","$20 \mathrm{~kJ}$","N/A","d","Energia degajată de rezistor este $W=R I^{2} t=3,6 \mathrm{~MJ}$. Răspuns corect d.\\"
"Admitere Fa iulie 2019","2019.A.4.","Într-un circuit simplu format dintr-o sursă cu tensiunea electromotoare $E=12 \mathrm{~V}$, rezistenţa internă $\mathrm{r}=0,5 \Omega$ şi un rezistor cu rezistenţa $\mathrm{R}=5,5 \Omega$, intensitatea curentului este: (6pct.)\\","$6 \mathrm{~A}$","$24 \mathrm{~A}$","$4 \mathrm{~A}$","$2 \mathrm{~A}$","$0,5 \mathrm{~A}$","$3 \mathrm{~A}$","N/A","d","Avem $I=\frac{E}{R+r}=2 \mathrm{~A}$. Răspuns corect d.\\"
"Admitere Fa iulie 2019","2019.A.5.","Un corp cu masa de $0,5 \mathrm{~kg}$ se află în repaus la înălțimea de $0,5 \mathrm{~m}$ faţă de sol. Energia potențială a corpului în câmp gravitaţional ($g=10 \mathrm{~m} / \mathrm{s}^{2}$) este: (6pct.)\\","$5 \mathrm{~J}$","$0,5 \mathrm{~J}$","$0,25 \mathrm{~J}$","$25 \mathrm{~mJ}$","$2,5 \mathrm{~J}$","$25 \mathrm{~J}$","N/A","e","Energia potențială este $E_{p}=mgh=2,5 \mathrm{~J}$. Răspuns corect e.\\"
"Admitere Fa iulie 2019","2019.A.6.","Randamentul unei maşini termice care funcţionează după un ciclu Carnot între temperaturile $300 \mathrm{~K}$ şi $800 \mathrm{~K}$ este: (6pct.)\\","$62,5 \%$","$80 \%$","$87,5 \%$","$37,5 \%$","$42,5 \%$","$30 \%$","N/A","a","Randamentul este: $\eta=1-\frac{T_{r}}{T_{c}}=1-\frac{300 \mathrm{~K}}{800 \mathrm{~K}}=\frac{5}{8}=62,5 \%$. Răspuns corect a.\\"
"Admitere Fa iulie 2019","2019.A.7.","Un rezistor cu rezistenţă variabilă este alimentat de 4 baterii identice legate în serie, fiecare cu tensiunea electromotoare $E=1,5 \mathrm{~V}$ şi rezistenţa internă $r=0,3 \Omega$. Valoarea maximă a puterii ce poate fi debitată pe rezistor este: (6pct.)\\","$30 \mathrm{~W}$","$15 \mathrm{~W}$","$12 \mathrm{~W}$","$7,5 \mathrm{~W}$","$1,2 \mathrm{~W}$","$6 \mathrm{~W}$","N/A","d","Gruparea bateriilor are tensiunea electromotoare echivalentă $E_{e}=4 E=6 \mathrm{~V}$ şi rezistenţa internă echivalentă $r_{e}=4 r=1,2 \Omega$.\\ Pentru o valoare a rezistenței exterioare egală cu $r_{e}$ se degajă o putere maximă pe rezistor $P_{\max}=r_{e} \frac{E_{e}^{2}}{\left(2 r_{e}\right)^{2}}=7,5 \mathrm{~W}$. Răspuns corect d.\\"
"Admitere Fa iulie 2019","2019.A.8.","Rezistenţa echivalentă a doi rezistori cu rezistenţele $R_{1}=4 \Omega$ și $R_{2}=12 \Omega$ legaţi în paralel este: (6pct.)\\","$4 \Omega$","$8 \Omega$","$6 \Omega$","$16 \Omega$","$10 \Omega$","$3 \Omega$","N/A","f","Folosind $\frac{1}{R_{e}}=\frac{1}{R_{1}}+\frac{1}{R_{2}}$, se obţine $R_{e}=3 \Omega$. Răspuns corect f.\\"
"Admitere Fa iulie 2019","2019.A.9.","Trei corpuri de mase $m_{1}=m_{2}=3 m_{3}$ sunt legate printr-un fir ideal trecut peste trei scripeţi ideali ca în figură. Valoarea absolută a raportului acceleraţiilor corpurilor de masă $m_{1}$ şi $m_{3}$ este: (6pct.)\\","$1$","$2 / 3$","$4$","$1 / 3$","$2$","$4 / 3$","images/2025_08_19_7d65f00c22d2f38e2422g-02","a","Comparând masele corpurilor, tragem concluzia că $m_{3}$ urcă, $m_{2}$ urcă şi $m_{1}$ coboară, cu valorile absolute ale acceleraţiilor $a_{3}$, $a_{2}$ şi $a_{1}$. Cum firul este ideal, tensiunea este aceeaşi în tot firul. Astfel, legea a doua a dinamicii pentru cele trei corpuri se scrie:\\ $T-m_{3} g=m_{3} a_{3}$;\\ $m_{1} g-T=m_{1} a_{1}$;\\ $2 T-m_{2} g=m_{2} a_{2}$.\\ Cum la o urcare cu distanța $x$ a corpului 3, fără ca corpul 1 să se mişte, corpul 2 coboară cu $x / 2$ (evident, în acelaşi timp), iar la o coborâre cu distanţa $x$ a corpului 1, fără ca corpul 3 să se miște, corpul 2 urcă cu $x / 2$ (sau mai general, la o urcare cu distanţa $x_{3}$ a corpului 3 şi la o coborâre cu distanţa $x_{1}$ a corpului 1 într-un interval de timp dat, corpul 2 urcă cu o distanţă $x_{2}=\frac{x_{1}-x_{3}}{2}$), obţinem:\\ $a_{2}=\frac{a_{1}-a_{3}}{2}$.\\ Exprimând $T$ dintr-una din primele 3 ecuaţii şi înlocuind în celelalte două, şi folosind şi cea de-a patra ecuaţie, obţinem un sistem de 3 ecuaţii liniare cu 3 necunoscute, $a_{1}$, $a_{2}$ și $a_{3}$, care are soluţiile:\\ $a_{1}=g / 2$, $a_{2}=0$, $a_{3}=g / 2$.\\ În final, $\frac{a_{1}}{a_{3}}=1$. Comparând cu consideraţiile iniţiale, constatăm că $m_{3}$ într-adevăr urcă, $m_{1}$ într-adevăr coboară, iar $m_{2}$ are o acceleraţie nulă, deci dacă viteza sa iniţială este nulă, rămâne în repaus. Răspuns corect a.\\"
"Admitere Fa iulie 2019","2019.A.10.","Racheta Saturn folosită în programul Apollo genera o forţă de propulsie de $35 \mathrm{~MN}$. Ştiind că masa rachetei era de $2800$ de tone, acceleraţia acesteia după lansare a fost ($\mathrm{g}=10 \mathrm{~m} / \mathrm{s}^{2}$): (6pct.)\\","$10 \mathrm{~m} / \mathrm{s}^{2}$","$28 \mathrm{~m} / \mathrm{s}^{2}$","$7 \mathrm{~m} / \mathrm{s}^{2}$","$35 \mathrm{~m} / \mathrm{s}^{2}$","$2,5 \mathrm{~m} / \mathrm{s}^{2}$","$3,5 \mathrm{~m} / \mathrm{s}^{2}$","N/A","e","Lansarea fiind pe verticală, acceleraţia rachetei este:\\ $\mathrm{a}=\frac{\mathrm{F}-\mathrm{mg}}{\mathrm{m}}=\frac{\mathrm{F}}{\mathrm{m}}-\mathrm{g}=2,5 \mathrm{~m} / \mathrm{s}^{2}$. Răspuns corect e.\\"
"Admitere Fa iulie 2019","2019.A.11.","Un corp cu masa de $2 \mathrm{~kg}$ are viteza $10 \mathrm{~m} / \mathrm{s}$. Impulsul corpului este: (6pct.)\\","$100 \mathrm{~N} \cdot \mathrm{~s}$","$5 \mathrm{~N} \cdot \mathrm{~s}$","$50 \mathrm{~N} \cdot \mathrm{~s}$","$10 \mathrm{~N} \cdot \mathrm{~s}$","$20 \mathrm{~N} \cdot \mathrm{~s}$","$2 \mathrm{~N} \cdot \mathrm{~s}$","N/A","e","Impulsul este: $\mathrm{p}=\mathrm{mv}=20 \mathrm{~kg} \cdot \mathrm{m} / \mathrm{s}=20 \mathrm{~N} \cdot \mathrm{s}$. Răspuns corect e.\\"
"Admitere Fa iulie 2019","2019.A.12.","Un mobil cu masa $\mathrm{m}=200 \mathrm{~g}$ se mişcă după legea $\mathrm{x}(\mathrm{t})=4+2 \mathrm{t}+2 \mathrm{t}^{2}$ (x este măsurat în metri, iar $t$ în secunde). Energia cinetică a mobilului la momentul $t=2 \mathrm{~s}$ este: (6pct.)\\","$4 \mathrm{~J}$","$1 \mathrm{~J}$","$10 \mathrm{~J}$","$30 \mathrm{~J}$","$2 \mathrm{~J}$","$20 \mathrm{~J}$","N/A","c","Viteza mobilului este $\mathrm{v}(\mathrm{t})=\frac{\mathrm{dx}}{\mathrm{dt}}=2+4 \mathrm{t}$, deci $\mathrm{v}(2)=10 \mathrm{~m} / \mathrm{s}$ şi $\mathrm{E}_{\mathrm{c}}=\frac{\mathrm{mv}^{2}}{2}=10 \mathrm{~J}$. Răspuns corect c.\\"
"Admitere Fa iulie 2019","2019.A.13.","În SI unitatea de măsură pentru căldura specifică este: (6pct.)\\","$\mathrm{J} \cdot \mathrm{K}^{-1}$","$\mathrm{J} \cdot \mathrm{kg}^{-1} \cdot \mathrm{~K}$","$\mathrm{J} \cdot \mathrm{kg}^{-1}$","$\mathrm{J} \cdot \mathrm{mol}^{-1} \cdot \mathrm{~K}^{-1}$","$\mathrm{J} \cdot \mathrm{kg}^{-1} \cdot \mathrm{~K}^{-1}$","$\mathrm{J} \cdot \mathrm{kg} \cdot \mathrm{K}^{-1}$","N/A","e","Din definiţie $\mathrm{c}=\frac{\mathrm{Q}}{\mathrm{m} \Delta \mathrm{T}}$, deci $\left[\mathrm{c}\right]_{\mathrm{SI}}=\frac{\mathrm{J}}{\mathrm{kg} \cdot \mathrm{K}}$. Răspuns corect e.\\"
"Admitere Fa iulie 2019","2019.A.14.","În circuitul din figură se cunosc $\mathrm{R}_{1}=3 \Omega$ şi $\mathrm{R}_{2}=9 \Omega$. Rezistenţa echivalentă între punctele A şi B este: (6pct.)\\","$7,5 \Omega$","$4,5 \Omega$","$6 \Omega$","$5 \Omega$","$2,5 \Omega$","$6,5 \Omega$","images/2025_08_19_7d65f00c22d2f38e2422g-04(1)","d","Considerăm că se pune o tensiune electrică $\mathrm{U}_{\mathrm{AB}}$ între punctele A și B, cu borna pozitivă pe A şi cea negativă pe B. În acest caz curenţii electrici care trec prin gruparea de rezistenţe se figurează astfel:\\ \begin{center} \includegraphics[width=0.4\linewidth]{images/2025_08_19_7d65f00c22d2f38e2422g-04(2)} \end{center}\\ Folosim acum simetria montajului de rezistoare. Astfel, rotind figura cu $180^{\circ}$:\\ \begin{center} \includegraphics[width=0.4\linewidth]{images/2025_08_19_7d65f00c22d2f38e2422g-04} \end{center}\\ Eventual desenând-o pe o altă hârtie, observăm mai întâi curenţii, apoi punem tensiunea electrică $\mathrm{U}_{\mathrm{AB}}$ cu borna pozitivă pe B (care acum a ajuns în stânga), deci schimbăm sensul tuturor curenţilor. Constatăm că avem aceeaşi figură ca la început (borna B este vechea bornă A şi invers), şi că: $\mathrm{I}_{5}=\mathrm{I}_{1}$, $\mathrm{I}_{4}=\mathrm{I}_{2}$.\\ Folosind aceste rezultate, refacem prima figură:\\ \begin{center} \includegraphics[width=0.4\linewidth]{images/2025_08_19_7d65f00c22d2f38e2422g-05} \end{center}\\ Folosind legile lui Kirchhoff, avem:\\ $\mathrm{I}=\mathrm{I}_{1}+\mathrm{I}_{2}$;\\ $\mathrm{I}_{1}=\mathrm{I}_{2}+\mathrm{I}_{3}$;\\ $\mathrm{I}_{1} \mathrm{R}_{1}+\mathrm{I}_{3} \mathrm{R}_{1}=\mathrm{I}_{2} \mathrm{R}_{2}$.\\ Din ultimele două ecuaţii obţinem:\\ $\mathrm{I}_{2}=\frac{2 \mathrm{I}_{1} \mathrm{R}_{1}}{\mathrm{R}_{1}+\mathrm{R}_{2}}$;\\ $I_{3}=\frac{I_{1}\left(R_{2}-R_{1}\right)}{R_{1}+R_{2}}$.\\ Avem, folosind semnificaţia rezistenţei echivalente între punctele A şi B:\\ $\mathrm{U}_{\mathrm{AB}}=\mathrm{R}_{\mathrm{e}} \mathrm{I}=\mathrm{R}_{\mathrm{e}}\left(\mathrm{I}_{1}+\mathrm{I}_{2}\right)=\mathrm{R}_{\mathrm{e}} \mathrm{I}_{1} \frac{3 \mathrm{R}_{1}+\mathrm{R}_{2}}{\mathrm{R}_{1}+\mathrm{R}_{2}}$\\ Și de asemenea, folosind drumul dintre punctele A şi B format din laturile din partea de sus a grupării:\\ $\mathrm{U}_{\mathrm{AB}}=\mathrm{R}_{1} \mathrm{I}_{1}+\mathrm{R}_{2} \mathrm{I}_{2}=\mathrm{R}_{1} \mathrm{I}_{1} \frac{\mathrm{R}_{1}+3 \mathrm{R}_{2}}{\mathrm{R}_{1}+\mathrm{R}_{2}}$.\\ Deci rezistenţa echivalentă între punctele $A$ şi $B$ este:\\ $R_{e}=R_{1} \frac{R_{1}+3 R_{2}}{3 R_{1}+R_{2}}=5 \Omega$. Răspuns corect d.\\"
"Admitere Fa iulie 2019","2019.A.15.","Un gaz ideal se destinde adiabatic. În cursul procesului volumul creşte de $100$ ori iar temperatura scade de $10$ ori. Exponentul adiabatic al gazului este: (6pct.)\\","$4 / 3$","$2$","$7 / 5$","$3 / 2$","$6 / 5$","$5 / 4$","N/A","d","Legea transformării adiabatice este $\mathrm{TV}^{\gamma-1}=\mathrm{ct}=\mathrm{T}_{\mathrm{i}} \mathrm{V}_{\mathrm{i}}^{\gamma-1}=\mathrm{T}_{\mathrm{f}} \mathrm{V}_{\mathrm{f}}^{\gamma-1}$. Folosind şi datele din enunţ scriem $\left(\frac{V_{f}}{V_{i}}\right)^{\gamma-1}=100^{\gamma-1}=\frac{T_{i}}{T_{f}}=10$. Deci exponentul adiabatic al gazului este $\gamma=1,5$. Răspuns corect d.\\"
"Admitere Fa iulie 2018","2018.A.1.","Un corp este lansat cu viteza initială de $10 \mathrm{~m} / \mathrm{s}$ pe un plan orizontal. Coeficientul de frecare la alunecare dintre corp şi plan este $0,2$. Timpul după care corpul se opreşte este $\left(g=10 \mathrm{~m} / \mathrm{s}^{2}\right)$ : (6 pct.)\\","$5 \mathrm{~s}$","$2 \mathrm{~s}$","$1 \mathrm{~s}$","$0,5 \mathrm{~s}$","$10 \mathrm{~s}$","$8 \mathrm{~s}$","N/A","a","Valoarea absolută a accelerației este $a=\mu g$ iar timpul pînă la oprire $\tau=\frac{v_{0}}{a}=5 \mathrm{~s}$. Răspuns corect a.\\"
"Admitere Fa iulie 2018","2018.A.2.","Un mobil de masă $m=200 \mathrm{~g}$ se mişcă după legea de mişcare $x(t)=4+2 t+2 t^{2}$, unde $x$ este măsurat în metri, iar $t$ în secunde. Impulsul mobilului la momentul $t=0$ este: (6 pct.)\\","$0,40 \mathrm{~N} \cdot \mathrm{~s}$","$0,21 \mathrm{~N} \cdot \mathrm{~s}$","$0,49 \mathrm{~N} \cdot \mathrm{~s}$","$2,00 \mathrm{~N} \cdot \mathrm{~s}$","$1,00 \mathrm{~N} \cdot \mathrm{~s}$","$4,00 \mathrm{~N} \cdot \mathrm{~s}$","N/A","a","$v(t)=\frac{d x}{d t}=2+4 t$, cu $v(0)=2 \mathrm{~m} / \mathrm{s}$ şi $p(0)=m \cdot v(0)=0,4 \mathrm{~kg} \cdot \mathrm{~m} / \mathrm{s}=0,4 \mathrm{~N} \cdot \mathrm{~s}$. Răspuns corect a.\\"
"Admitere Fa iulie 2018","2018.A.3.","Unitatea de măsură a energiei potențiale în SI este: (6 pct.)\\","$\mathrm{J}$","$\mathrm{W}$","$\mathrm{N}$","$\mathrm{N} / \mathrm{m}$","$\mathrm{Pa}$","$\mathrm{kg} \cdot \mathrm{m} / \mathrm{s}$","N/A","a","În SI, energia (oricare ar fi natura sa) se măsoară în $\mathrm{J}$ (Joule). Răspuns corect a.\\"
"Admitere Fa iulie 2018","2018.A.4.","Lucrul mecanic efectuat de un amestec de gaze ideale în cursul unei destinderi izobare reprezintă $55 \%$ din variaţia energiei sale interne. Exponentul adiabatic al amestecului este: (6 pct.)\\","$1,55$","$1,33$","$1,66$","$1,40$","$1,50$","$1,42$","N/A","a","$L=p \Delta V=\nu R \Delta T$, $\Delta U=\nu C_{V} \Delta T$, $\frac{L}{\Delta U}=\frac{R}{C_{V}}=\gamma-1=0,55$, de unde se obține $\gamma=1,55$. Relaţia $\frac{R}{C_{V}}=\gamma-1$ se obține din definiția exponentului adiabatic $\gamma=\frac{C_{p}}{C_{V}}$ şi din relația Robert-Mayer pentru un gaz ideal $C_{p}=C_{V}+R$. Răspuns corect a.\\"
"Admitere Fa iulie 2018","2018.A.5.","De tavanul unui lift ce se ridică cu acceleraţia de $5 \mathrm{~m} / \mathrm{s}^{2}$ este fixat un dinamometru de care atârnă un scripete ideal. Peste scripete este trecut un fir ideal, de capetele căruia sunt legate două corpuri cu masele $200 \mathrm{~g}$ şi $300 \mathrm{~g}$. Indicaţia dinamometrului este: (6 pct.)\\","$7,2 \mathrm{~N}$","$5,0 \mathrm{~N}$","$5,4 \mathrm{~N}$","$6,2 \mathrm{~N}$","$8,5 \mathrm{~N}$","$4,4 \mathrm{~N}$","N/A","a","Alegem sistemul de referință inerțial al Pământului. Considerăm pozitiv sensul axei verticale (singura care ne interesează în problemă) în jos. Astfel greutățile celor 2 corpuri sunt pozitive, tensiunile din fir care acționează asupra celor 2 corpuri sunt negative, iar accelerația scripetelui este negativă $-a$. Corpul cel mic coboară în raport cu scripetele cu accelerația $a^{*}$, adică va avea față de Pământ accelerația $a^{*}-a$ (accelerația corpului față de Pământ este egală cu accelerația corpului față de scripete plus accelerația scripetelui față de Pământ), iar corpul cel mare urcă în raport cu scripetele cu accelerația $a^{*}$, adică proiecția acesteia pe axa verticală este $-a^{*}$, iar accelerația corpului mare față de Pământ este $-a^{*}-a$ (intenționat am făcut presupunerea respectivă, anume că corpul mai uşor coboară, împotriva bunului simț fizic, ca să fim corectați de rezultate). Legea a doua a dinamicii scrisă pentru cele 2 corpuri este:\\ $m\left(a^{*}-a\right)=m g-T$\\ $M\left(-a^{*}-a\right)=M g-T$,\\ iar\\ $a^{*}-a=g-\frac{T}{m}$\\ $-a^{*}-a=g-\frac{T}{M}$\\ de unde se obține prin adunare\\ $T=2 \frac{m M}{m+M}(g+a)$\\ şi cum scripetele este ideal, forța indicată de dinamometrul de care e legat scripetele de tavan este dublul tensiunii din fir:\\ $F=2 T=4 \frac{m M}{m+M}(g+a)=7,2 \mathrm{~N}$\\ Comentariu: Accelerația $a^{*}$ a corpurilor față de scripete se obține acum din oricare dintre primele 4 ecuații de mai sus; astfel $a^{*}=a+g-\frac{T}{m}=(a+g) \frac{m-M}{m+M}$, adică este negativă, deci corpul mai uşor urcă față de scripete iar corpul mai greu coboară.\\ Comentariu 2: Problema ar fi putut fi rezolvată și în sistemul de referință neinerțial al scripetelui, introducînd forțele de inerție, în acest sistem de referință neinerțial corpurile ""simțind"" un cîmp gravitațional de intensitate $g+a$. Răspuns corect a.\\"
"Admitere Fa iulie 2018","2018.A.6.","Un corp aruncat de jos în sus în câmp gravitaţional revine în punctul de lansare după $4 \mathrm{~s}$. Viteza cu care a fost lansat corpul este ($\mathrm{g}=10 \mathrm{~m} / \mathrm{s}^{2}$): (6 pct.)\\","$20 \mathrm{~m} / \mathrm{s}$","$40 \mathrm{~m} / \mathrm{s}$","$12 \mathrm{~m} / \mathrm{s}$","$10 \mathrm{~m} / \mathrm{s}$","$15 \mathrm{~m} / \mathrm{s}$","$25 \mathrm{~m} / \mathrm{s}$","N/A","a","Timpul de coborâre este egal cu cel de urcare, iar viteza cu care a fost lansat corpul este $v_{0}=g \tau_{u}=20 \mathrm{~m} / \mathrm{s}$. Răspuns corect a.\\"
"Admitere Fa iulie 2018","2018.A.7.","Căldura molară izocoră a unui gaz ideal cu exponentul adiabatic egal cu 1,5 este $(\mathrm{R}=8,31 \mathrm{~J} / \mathrm{mol} \cdot \mathrm{K})$: (6 pct.)\\","$16,62 \mathrm{~J} / \mathrm{mol} \cdot \mathrm{K}$","$24,93 \mathrm{~J} / \mathrm{mol} \cdot \mathrm{K}$","$8,31 \mathrm{~J} / \mathrm{mol} \cdot \mathrm{K}$","$33,24 \mathrm{~J} / \mathrm{mol} \cdot \mathrm{K}$","$20,16 \mathrm{~J} / \mathrm{mol} \cdot \mathrm{K}$","$28,31 \mathrm{~J} / \mathrm{mol} \cdot \mathrm{K}$","N/A","a","Din definiția exponentului adiabatic $\gamma=\frac{C_{p}}{C_{V}}$ şi din relația Robert-Mayer pentru un gaz ideal $C_{p}=C_{V}+R$ se obține $C_{V}=\frac{R}{\gamma-1}=2 R=16,62 \mathrm{~J} / \mathrm{mol} \cdot \mathrm{K}$. Răspuns corect a.\\"
"Admitere Fa iulie 2018","2018.A.8.","O maşină termică efectuează un ciclu Carnot între temperaturile $400 \mathrm{~K}$ și $800 \mathrm{~K}$. Randamentul maşinii este: (6 pct.)\\","$0,5$","$0,4$","$0,3$","$0,2$","$0,6$","$0,8$","N/A","a","$\eta=1-\frac{T_{r}}{T_{c}}=0,5$. Răspuns corect a.\\"
"Admitere Fa iulie 2018","2018.A.9.","Utilizând notaţiile din manualele de fizică, relaţia lui Robert Mayer pentru un gaz ideal este: (6 pct.)\\","$C_{p}=C_{V}+R$","$C_{p}=C_{V}-R$","$C_{p}=C_{V}+R / 2$","$C_{p}=C_{V}-R / 2$","$C_{p}=\frac{C_{V}-R}{2}$","$C_{p}=\frac{C_{V}+R}{2}$","N/A","a","Relația Robert-Mayer pentru un gaz ideal este $C_{p}=C_{V}+R$. Răspuns corect a.\\"
"Admitere Fa iulie 2018","2018.A.10.","Într-o transformare a unui gaz ideal temperatura creşte cu $40 \%$, iar volumul scade de 5 ori. Raportul dintre presiunea finală și cea inițială este: (6 pct.)\\","$7$","$5$","$6$","$4$","$3$","$2$","N/A","a","Folosind $p V=\nu R T$, obținem $\frac{p_{f}}{p_{i}}=\frac{T_{f}}{T_{i}} \cdot \frac{V_{i}}{V_{f}}=1,4 \cdot 5=7$.\\ Altă rezolvare:\\ Gazul efectuează o transformare generală $\frac{p V}{T}=$ const., de unde se obține $\frac{p_{f}}{p_{i}}=\frac{T_{f}}{T_{i}} \cdot \frac{V_{i}}{V_{f}}=1,4 \cdot 5=7$.\\ Răspuns corect a.\\"
"Admitere Fa iulie 2018","2018.A.11.","Două rezistenţe de $10 \Omega$ și $90 \Omega$ sunt legate succesiv la bornele unei baterii degajând aceeaşi cantitate de căldură în intervale de timp egale. Rezistenţa internă a bateriei este: (6 pct.)\\","$30 \Omega$","$2 \Omega$","$9 \Omega$","$900 \Omega$","$80 \Omega$","$11 \Omega$","N/A","a","Se degajă aceeaşi cantitate de căldură în același interval de timp pe două rezistențe diferite conectate succesiv la bornele unei baterii când acestea satisfac relaţia $R_{1} \cdot R_{2}=r^{2}$, deci $r=\sqrt{R_{1} \cdot R_{2}}=30 \Omega$. Răspuns corect a.\\"
"Admitere Fa iulie 2018","2018.A.12.","Intensitatea de scurtcircuit a unui generator este $10 \mathrm{~A}$. Când generatorul alimentează un consumator, prin acesta trece un curent de $2 \mathrm{~A}$. Randamentul circuitului este: (6 pct.)\\","$80 \%$","$40 \%$","$50 \%$","$60 \%$","$20 \%$","$10 \%$","N/A","a","Randamentul este $\eta=\frac{P_{\text {ext}}}{P_{\text {tot}}}=\frac{R}{R+r}=1-\frac{r}{R+r}=1-\frac{I}{I_{\text{sc}}}=0,8=80 \%$. Răspuns corect a.\\"
"Admitere Fa iulie 2018","2018.A.13.","Un fir conductor de rezistenţă $1 \mathrm{~M} \Omega$ este tăiat în 10 fire de lungime egală, apoi firele rezultate se leagă în paralel. Rezistenţa echivalentă rezultată este: (6 pct.)\\","$10 \mathrm{~k} \Omega$","$100 \mathrm{~k} \Omega$","$1 \mathrm{~k} \Omega$","$10 \Omega$","$100 \Omega$","$1 \Omega$","N/A","a","Fiecare dintre cele 10 fire are rezistența $\frac{R}{10}$, iar gruparea acestora în paralel are rezistența $\frac{R}{100}=10 \mathrm{~k} \Omega$. Răspuns corect a.\\"
"Admitere Fa iulie 2018","2018.A.14.","Rezistenţa electrică a unui rezistor care consumă o energie electrică de $1,1 \mathrm{~kWh}$ în 45 minute atunci când este conectat la o tensiune de $220 \mathrm{~V}$, are valoarea: (6 pct.)\\","$33 \Omega$","$22 \Omega$","$118 \Omega$","$44 \Omega$","$87 \Omega$","$27 \Omega$","N/A","a","$W_{el}=U I \tau=\frac{U^{2}}{R} \tau$, de unde $R=\frac{U^{2}}{W_{el}} \tau=\frac{220 \mathrm{~V} \cdot 220 \mathrm{~V}}{1100 \mathrm{~W} \cdot \mathrm{h}} \cdot \frac{3}{4} \mathrm{~h}=33 \Omega$. Răspuns corect a.\\"
"Admitere Fa iulie 2018","2018.A.15.","Un generator cu randamentul de $40 \%$ debitează energie pe o rezistenţă exterioară. Căderea de tensiune la bornele generatorului este $1 \mathrm{~V}$. Tensiunea electromotoare a bateriei este: (6 pct.)\\","$2,5 \mathrm{~V}$","$2,0 \mathrm{~V}$","$1,5 \mathrm{~V}$","$3,0 \mathrm{~V}$","$12 \mathrm{~V}$","$10 \mathrm{~V}$","N/A","a","Randamentul este $\eta=\frac{P_{\text {ext}}}{P_{\text {tot}}}=\frac{U}{E}$, deci $E=\frac{U}{\eta}=2,5 \mathrm{~V}$. Răspuns corect a.\\"
"Admitere F1 iulie 2017","2017.A.1.","Legea lui Ohm pentru un circuit simplu este: (6 pct.)\\","$I=\frac{E}{R-r}$","$I=\frac{E R}{R+r}$","$I=\frac{E}{R \cdot r}$","$I=\frac{E}{R+r}$","$I=\frac{E^{2}}{R+r}$","$I=\frac{R+r}{E}$","N/A","d","Răspuns corect d.\\"
"Admitere F1 iulie 2017","2017.A.2.","Utilizând notațiile din manualele de fizică, legea lui Hooke este: (6 pct.)\\","$F=\frac{E \cdot S_{0}}{l_{0}} \Delta l$","$F=\frac{E \cdot l_{0}}{S_{0}} \Delta l$","$F=\frac{l_{0} \cdot S_{0}}{E} \Delta l$","$F=\frac{E \cdot S_{0}}{l_{0} \cdot \Delta l}$","$F=\frac{E^{2} \cdot S_{0}}{l_{0}} \Delta l$","$F=\frac{E \cdot S_{0} \cdot l_{0}}{\Delta l}$","N/A","a","Din $\frac{F}{S_{0}}=E \frac{\Delta l}{l_{0}}$ se obține: $F=\frac{E \cdot S_{0}}{l_{0}} \Delta l$. Răspuns corect a.\\"
"Admitere F1 iulie 2017","2017.A.3.","O sursă cu t.e.m. de $9 \mathrm{~V}$ are curentul de scurtcircuit de $36 \mathrm{~A}$. Rezistența internă a sursei este: ( 6 pct.)\\","$4 \Omega$","$2 \Omega$","$0,25 \Omega$","$1 \Omega$","$9 \Omega$","$0,5 \Omega$","N/A","c","$I_{S C}=\frac{E}{r}$, deci $r=\frac{E}{I_{S C}}=0,25 \Omega$. Răspuns corect c.\\"
"Admitere F1 iulie 2017","2017.A.4.","Un rezistor este parcurs de un curent de $1,5 \mathrm{~A}$ când este alimentat la o tensiune de $12 \mathrm{~V}$. Puterea disipată pe rezistor este: (6 pct.)\\","$18 \mathrm{~W}$","$4 \mathrm{~W}$","$10 \mathrm{~W}$","$15 \mathrm{~W}$","$12 \mathrm{~W}$","$8 \mathrm{~W}$","N/A","a","Puterea are formula: $P=U I=18 \mathrm{~W}$. Răspuns corect a.\\"
"Admitere F1 iulie 2017","2017.A.5.","Intervalul de timp în care sarcina electrică de $1800 \mathrm{~C}$ este transportată prin secțiunea transversală a unui conductor străbătut de un curent electric de $2 \mathrm{~A}$ este: (6 pct.)\\","$180 \mathrm{~s}$","$12 \mathrm{~h}$","$15 \mathrm{~min}$","$150 \mathrm{~s}$","$3600 \mathrm{~s}$","$400 \mathrm{~s}$","N/A","c","Avem $\tau=\frac{Q}{I}=900 \mathrm{~s}=15 \mathrm{~min}$.\\ Răspuns corect c.\\"
"Admitere F1 iulie 2017","2017.A.6.","Un sistem termodinamic efectuează o transformare în cursul căreia primeşte o cantitate de căldură de $50 \mathrm{~J}$, iar energia sa internă scade cu $100 \mathrm{~J}$. Lucrul mecanic efectuat de sistem în această transformare este: (6 pct.)\\","$-50 \mathrm{~J}$","$150 \mathrm{~J}$","$50 \mathrm{~J}$","$-150 \mathrm{~J}$","$-100 \mathrm{~J}$","$100 \mathrm{~J}$","N/A","b","Lucrul mecanic este: $L=Q-\Delta U=150 \mathrm{~J}$.\\ Răspuns corect b.\\"
"Admitere F1 iulie 2017","2017.A.7.","Un motor termic funcționează după un ciclu Carnot. Știind că randamentul motorului este de $50 \%$ și că temperatura sursei reci este de $27^{\circ} \mathrm{C}$, temperatura sursei calde este: (6 pct.)\\","$40^{\circ} \mathrm{C}$","$100^{\circ} \mathrm{C}$","$600^{\circ} \mathrm{C}$","$300^{\circ} \mathrm{C}$","$54^{\circ} \mathrm{C}$","$327^{\circ} \mathrm{C}$","N/A","f","Randamentul este $\eta=1-\frac{T_{2}}{T_{1}} \Rightarrow T_{1}=\frac{T_{2}}{1-\eta}=600 \mathrm{~K}=327^{\circ} \mathrm{C}$.\\ Răspuns corect f.\\"
"Admitere F1 iulie 2017","2017.A.8.","Un om efectuează un lucru mecanic de $9000 \mathrm{~J}$ în 5 minute. Puterea dezvoltată de om este: (6 pet.)\\","$30 \mathrm{~W}$","$25 \mathrm{~W}$","$45 \mathrm{~kW}$","$1800 \mathrm{~W}$","$600 \mathrm{~W}$","$150 \mathrm{~W}$","N/A","a","Puterea are formula: $P=\frac{L}{\tau}=30 \mathrm{~W}$.\\ Răspuns corect a.\\"
"Admitere F1 iulie 2017","2017.A.9.","Încălzind un gaz ideal cu $3^{\circ} \mathrm{C}$ printr-un proces izobar, volumul său creşte cu $1 \%$. Temperatura finală a gazului este: (6 pct.)\\","$3030 \mathrm{~K}$","$297 \mathrm{~K}$","$500 \mathrm{~K}$","$303 \mathrm{~K}$","$3000 \mathrm{~K}$","$300 \mathrm{~K}$","N/A","d","Avem $\frac{V}{T}=\frac{V_{0}}{T_{0}}$, $\frac{V}{V_{0}}=\frac{T}{T-\Delta T} \Rightarrow T=\frac{\frac{V}{V_{0}}}{\frac{V}{V_{0}}-1} \Delta T=303 \mathrm{~K}$.\\ Răspuns corect d.\\"
"Admitere F1 iulie 2017","2017.A.10.","Trei rezistori de rezistențe $6 \Omega$, $4 \Omega$ și $12 \Omega$ sunt conectați în paralel. Rezistența echivalentă a grupării este: (6 pct.)\\","$18 \Omega$","$10 \Omega$","$2 \Omega$","$0,5 \Omega$","$16 \Omega$","$22 \Omega$","N/A","c","$\frac{1}{R_{e}}=\frac{1}{R_{1}}+\frac{1}{R_{2}}+\frac{1}{R_{3}}=\frac{1}{2 \Omega} \Rightarrow R_{e}=2 \Omega$.\\ Răspuns corect c.\\"
"Admitere F1 iulie 2017","2017.A.11.","Un corp aruncat vertical în sus în câmp gravitaţional ( $g=10 \mathrm{~m} / \mathrm{s}^{2}$ ) revine în punctul de lansare după $4 \mathrm{~s}$. Înălțimea maximă la care ajunge corpul este: (6 pct.)\\","$5 \mathrm{~m}$","$25 \mathrm{~m}$","$20 \mathrm{~m}$","$40 \mathrm{~m}$","$10 \mathrm{~m}$","$15 \mathrm{~m}$","N/A","c","Timpul de coborâre fiind egal cu timpul de urcare, avem $h_{\max}=\frac{g t_{u}^{2}}{2}=20 \mathrm{~m}$.\\ Răspuns corect c.\\"
"Admitere F1 iulie 2017","2017.A.12.","Într-un ciclu Carnot, temperatura sursei reci este $T_{0}$, temperatura sursei calde este $4 T_{0}$ şi raportul volumelor extreme atinse pe ciclu este $64$. Două maşini termice funcționează după acest ciclu. Prima maşină utilizează $1 \mathrm{~mol}$ de gaz ideal monoatomic şi efectuează lucrul mecanic $L_{1}$, a doua maşină utilizează $1 \mathrm{~mol}$ de gaz ideal biatomic și efectuează lucrul mecanic $L_{2}$. Raportul $L_{2} / L_{1}$ are valoarea: (6 pct.)\\","$\frac{1}{4}$","$\frac{1}{5}$","$1$","$\frac{1}{7}$","$2$","$\frac{1}{3}$","N/A","f","Notând cu $1$ starea de volum minim și presiune maximă (şi de temperatură maximă $T_{1}$), şi continuând notarea ciclului în sensul parcurgerii lui ca motor termic, din ecuațiile adiabatelor $2-3$ şi $4-1$ se obține $V_{1} V_{3}=V_{2} V_{4}$.\\ Din enunţ știm că $V_{3}=64 V_{1}$, deci $64 V_{1}^{2}=V_{2} V_{4}$. Cele două maşini au acelaşi randament, deci raportul lucrurilor mecanice este acelaşi cu raportul căldurilor primite. În ambele cazuri, căldura primită este agală cu lucrul mecanic în transformarea izotermă $1-2$, anume:\\ $Q_{p}=\nu R \cdot 4 T_{0} \ln \left(\frac{V_{2}}{V_{1}}\right)$, care, folosind relația dedusă anterior, $64 V_{1}^{2}=V_{2} V_{4}$, conduce la $Q_{p}=\nu R \cdot 4 T_{0} \cdot \ln \left(64 \frac{V_{1}}{V_{4}}\right)=\nu R \cdot 4 T_{0} \cdot \ln \left(64\left(\frac{T_{0}}{4 T_{0}}\right)^{\frac{1}{\gamma-1}}\right)=\nu R \cdot 4 T_{0} \cdot \ln \left(\frac{64}{\frac{2}{2}}\right)$, unde am folosit legea transformării adiabatice $4-1$, $T_{0} V_{4}^{\gamma-1}=4 T_{0} V_{1}^{\gamma-1}$.\\ Avem astfel $Q_{p 1}=\nu R \cdot 4 T_{0} \cdot \ln 8=v R \cdot 4 T_{0} \cdot 3 \ln 2$ şi $Q_{p 2}=\nu R \cdot 4 T_{0} \cdot \ln 2$.\\ Astfel, $\frac{L_{2}}{L_{1}}=\frac{1}{3}$\\ Răspuns corect f.\\"
"Admitere F1 iulie 2017","2017.A.13.","Forța de apăsare normală exercitată de un om cu masa de $80 \mathrm{~kg}$ pe podeaua unui lift care urcă uniform este ($g=10 \mathrm{~m} / \mathrm{s}^{2}$):(6 pct.)\\","$80 \mathrm{~N}$","$70 \mathrm{~N}$","$800 \mathrm{~N}$","$900 \mathrm{~N}$","$90 \mathrm{~N}$","$8 \mathrm{~N}$","N/A","c","Avem: $\mathrm{N}=\mathrm{G}=\mathrm{mg}=800 \mathrm{~N}$\\ Răspuns corect c.\\"
"Admitere F1 iulie 2017","2017.A.14.","Ecuația termică de stare a gazului ideal este: ( 6 pct.)\\","$p T=\nu R V$","$\nu p=V R T$","$p V=\nu R T$","$p V T=\nu R$","$p V=\nu C_{V} T$","$p R=\nu V T$","N/A","c","Ecuația de stare este: $p V=\nu R T$. Răspuns corect c.\\"
"Admitere F1 iulie 2017","2017.A.15.","Două corpuri cu masele $m_{1}=400 \mathrm{~g}$ și $m_{2}=600 \mathrm{~g}$ se află pe un plan orizontal şi sunt legate între ele cu un resort de masă neglijabilă ca în figură. La momentul inițial corpurile sunt în repaus și resortul este nedeformat. Coeficientul de frecare dintre corpuri și planul orizontal este $0,2$. Forța orizontală minimă cu care trebuie tras corpul de masă $m_{1}$ pentru a pune în mişcare corpul de masă $m_{2}$ este $\left(\mathrm{g}=10 \mathrm{~m} / \mathrm{s}^{2}\right)$:(6 pct.)\\","$2,0 \mathrm{~N}$","$1,6 \mathrm{~N}$","$1,2 \mathrm{~N}$","$1,0 \mathrm{~N}$","$1,4 \mathrm{~N}$","$0,8 \mathrm{~N}$","images/2025_08_19_7d65f00c22d2f38e2422g-11","e","Fie o forță constantă de valoare absolută $F$, care acționează asupra corpului 1. Înainte de punerea în mişcare a corpului 2, corpul 1 are o deplasare $d$ şi o viteză $v_{1}$. Folosind teorema variației energiei cinetice pentru corpul 1, folosind valorile lucrului mecanic efectuat de forța $F$, de forța elastică şi de forța de frecare, obținem:\\ $\frac{m_{1} v_{1}^{2}}{2}=F d-\frac{k d^{2}}{2}-\mu m_{1} g d$.\\ Deplasarea $d$ a corpului 1, aceeaşi cu alungirea resortului în momentul punerii în mişcare a corpului 2, corespunde egalizării forței de frecare $\mu m_{2} g$ de către forța de tracțiune forța elastică $k d$, adică $\mu m_{2} g=k d$.\\ Obținem: $\frac{m_{1} v_{1}^{2}}{2}=F d-\frac{\mu m_{2} g d}{2}-\mu m_{1} g d$, adică $F=\frac{m_{1} v_{1}^{2}}{2 d}+\frac{\mu m_{2} g}{2}+\mu m_{1} g$, aceasta fiind minimă atunci cînd corpul 1 are o viteză nulă:\\ $F_{\min}=\mu\left(m_{1}+\frac{m_{2}}{2}\right) g=1,4 \mathrm{~N}$.\\ Dacă forța $F$ nu este constantă, ea pune în mişcare lentă corpul 1 când are o valoare minimă egală cu $\mu m_{1} g$, şi creşte liniar cu deplasarea datorită creşterii liniare cu deplasarea - alungirea resortului - a forței elastice de reținere. În acest caz, forța medie este media aritmetică dintre forța minimă $\mu m_{1} g$ și forța maximă $F_{\max}$, iar lucrul mecanic al forței exterioare este $\frac{\mu m_{1} g+F_{\max}}{2} d$.\\ Aplicând teorema variației energiei cinetice pentru corpul 1, obținem:\\ $\frac{m_{1} v_{1}^{2}}{2}=\frac{\mu m_{1} g+F_{\max}}{2} d-\frac{k d^{2}}{2}-\mu m_{1} g d$, cu condiția $\mu m_{2} g=k d$, şi cu precizarea că viteza finală $v_{1}$ a corpului 1 este nulă - mişcarea fiind lentă.\\ $F_{\max}=\mu\left(m_{1}+m_{2}\right) g$. Acest rezultat se poate obține nu doar energetic, ci şi dinamic: după ce resortul capătă o alungire pentru care forța elastică corespunde forței de frecare a corpului 2, resortul nu se mai deformează şi se comportă ca un fir inextensibil.\\ Comentariu: Forța medie în acest caz corespunde forței minime obținute anterior. În cazul forței constante, are loc mai întîi o accelerare a corpului 1, forța de tracțiune fiind inițial mai mare decât suma dintre forța de frecare și forța elastică, după care se produce încetinirea sa, suma dintre forța de frecare şi forța elastică devenind mai mare decât forța de tracțiune.\\ Comentariu 2. Care ar fi interesul practic al acestei probleme? Dacă forța $\vec{F}$ care acționează asupra corpului 1 este transmisă acestuia prin intermediul unui fir care nu ar suporta o tensiune egală cu $\mu\left(m_{1}+m_{2}\right) g=2 \mathrm{~N}$ (în sensul că s-ar rupe), nu ar putea fí mişcat din loc corpul 2 dacă s-ar acționa cu o forță variabilă, cum am văzut mai înainte. În schimb, acționînd asupra corpului 1 cu o forță constantă cel puțin egală cu $\mu\left(m_{1}+\frac{m_{2}}{2}\right)g=1,4 \mathrm{~N}$, printr-un fir care suportă o tensiune de doar $1,4 \mathrm{~N}$, se reuşeşte punerea în mişcare a corpului 2, dacă forța este constantă, aşa cum am văzut în primul caz studiat.\\ Răspuns corect e.\\"
"Admitere F1 iulie 2016","2016.A.1.","O maşină termică funcționează după un ciclu Carnot între temperaturile $T_{1}=1200 \mathrm{~K}$ și $T_{2}=300 \mathrm{~K}$. Lucrul mecanic efectuat într-un ciclu este $L=3 \mathrm{~kJ}$. Căldura primită într-un ciclu este: (6 pct.)\\","$4 \mathrm{~kJ}$","$2,5 \mathrm{~kJ}$","$3 \mathrm{~kJ}$","$5 \mathrm{~kJ}$","$6 \mathrm{~kJ}$","$4,2 \mathrm{~kJ}$","N/A","a","Randamentul este: $\eta=1-\frac{T_{2}}{T_{1}}=\frac{T_{1}-T_{2}}{T_{1}}=\frac{L}{Q_{p}} \Rightarrow Q_{p}=L \frac{T_{1}}{T_{1}-T_{2}}=4 \mathrm{~kJ}$.\\ Răspuns corect a.\\"
"Admitere F1 iulie 2016","2016.A.2.","Un corp de masă $m=2 \mathrm{~kg}$ are impulsul $p=10 \mathrm{~kg} \cdot \mathrm{m} / \mathrm{s}$. Energia cinetică a corpului este: ( 6 pct.)\\","$100 \mathrm{~J}$","$20 \mathrm{~J}$","$15 \mathrm{~J}$","$25 \mathrm{~J}$","$10 \mathrm{~J}$","$50 \mathrm{~J}$","N/A","d","$E_{c}=\frac{p^{2}}{2 \mathrm{~m}}=25 \mathrm{~J}$.\\ Răspuns corect d.\\"
"Admitere F1 iulie 2016","2016.A.3.","Randamentul unui circuit electric simplu este $60 \%$. Știind că intensitatea curentului de scurtcircuit al sursei are valoarea de $5 \mathrm{~A}$, intensitatea curentului electric prin circuit este: (6 pct.)\\","$6 \mathrm{~A}$","$1 \mathrm{~A}$","$3 \mathrm{~A}$","$5 \mathrm{~A}$","$4 \mathrm{~A}$","$2 \mathrm{~A}$","N/A","f","Din $\eta=\frac{R}{R+r}=\frac{1}{1+\frac{r}{R}} \Rightarrow \frac{r}{R}=\frac{1-\eta}{\eta}$;\\ $I_{S C}=\frac{E}{r}$, $I=\frac{E}{R+r}=\frac{E}{r} \cdot \frac{1}{1+\frac{R}{r}}=I_{S C} \cdot \frac{1}{1+\frac{R}{r}}= \\ =I_{S C} \cdot \frac{1}{1+\frac{\eta}{1-\eta}}=I_{S C} \cdot(1-\eta)=2 \mathrm{~A}$.\\ Răspuns corect f.\\"
"Admitere F1 iulie 2016","2016.A.4.","Într-o transformare a unui gaz ideal temperatura creşte cu $20 \%$, iar volumul se reduce de 4 ori. Raportul dintre presiunea finală şi cea inițială este: (6 pct.)\\","$2,5$","$5$","$3,6$","$1,2$","$4,8$","$8$","N/A","e","$\frac{p V}{T}=\frac{p_{0} V_{0}}{T_{0}} \Rightarrow \frac{p}{p_{0}}=\frac{V_{0}}{V} \cdot \frac{T}{T_{0}}=4,8$.\\ Răspuns corect e.\\"
"Admitere F1 iulie 2016","2016.A.5.","Unitatea de măsură în SI pentru puterea mecanică este: ( 6 pct.)\\","$\frac{\mathrm{N}}{\mathrm{s}}$","$\mathrm{J}$","$\mathrm{J} \cdot \mathrm{s}$","$\mathrm{W}$","$\mathrm{N}$","$\mathrm{N} \cdot \mathrm{s}^{2}$","N/A","d","$[P]_{S I}=W$.\\ Răspuns corect d.\\"
"Admitere F1 iulie 2016","2016.A.6.","Printr-un rezistor cu rezistența de $4 \Omega$ trece un curent electric cu intensitatea de $3 \mathrm{~A}$. Tensiunea electrică la bornele rezistorului este: ( 6 pct.)\\","$\frac{3}{4} \mathrm{~V}$","$4 \mathrm{~V}$","$7 \mathrm{~V}$","$\frac{4}{3} \mathrm{~V}$","$1 \mathrm{~V}$","$12 \mathrm{~V}$","N/A","f","$U=R I=12 \mathrm{~V}$\\ Răspuns corect f.\\"
"Admitere F1 iulie 2016","2016.A.7.","Utilizând notațiile din manualele de fizică, legea vitezei în mişcarea rẹctilinie uniform accelerată este: (6 pct.)\\","$a(t)=x \cdot t$","$a(t)=v_{0} \cdot t$","$v(t)=\frac{F}{m}$","$v(t)=m \cdot t^{2}$","$v(t)=v_{0}+a \cdot t$","$x(t)=x_{0}+a \cdot t$","N/A","e","$v(t)=v_{0}+a \cdot t$.\\ Răspuns corect e.\\"
"Admitere F1 iulie 2016","2016.A.8.","Unitatea de măsură în SI pentru capacitatea calorică este: ( 6 pct.)\\","$\mathrm{J}$","$\mathrm{J} / \mathrm{kg}$","$\mathrm{J} / \mathrm{mol}$","$\mathrm{J} / \mathrm{K}$","$\mathrm{J} \cdot \mathrm{K}$","caloria","N/A","d","$[C]_{S I}=\mathrm{J} / \mathrm{K}$.\\ Răspuns corect d.\\"
"Admitere F1 iulie 2016","2016.A.9.","O forţă de $2 \mathrm{~N}$ acționează asupra unui corp timp de 5 secunde. Variația impulsului corpului în acest interval de timp este: (6 pct.)\\","$40 \mathrm{~kg} \cdot \mathrm{~m} / \mathrm{s}$","$20 \mathrm{~kg} \cdot \mathrm{~m} / \mathrm{s}$","$5 \mathrm{~kg} \cdot \mathrm{~m} / \mathrm{s}$","$25 \mathrm{~kg} \cdot \mathrm{~m} / \mathrm{s}$","$50 \mathrm{~kg} \cdot \mathrm{~m} / \mathrm{s}$","$10 \mathrm{~kg} \cdot \mathrm{~m} / \mathrm{s}$","N/A","f","$\Delta p=F \cdot \Delta t=10 \mathrm{~kg} \cdot \mathrm{m} / \mathrm{s}$.\\ Răspuns corect f.\\"
"Admitere F1 iulie 2016","2016.A.10.","Un număr de 10 cuburi identice fiecare cu latura de $20 \mathrm{~cm}$ și masa $2 \mathrm{~kg}$ se află unul lângă altul pe un plan orizontal. Pentru a aşeza cuburile unul peste altul astfel încât să formeze pe planul orizontal o coloană verticală, lucrul mecanic necesar este ( $g=10 \mathrm{~m} / \mathrm{s}^{2}$ ): (6 pct.)\\","$90 \mathrm{~J}$","$180 \mathrm{~J}$","$40 \mathrm{~J}$","$220 \mathrm{~J}$","$4 \mathrm{~J}$","$110 \mathrm{~J}$","N/A","b","$L=\sum_{i=1}^{9} m g \cdot i l=m g l \cdot \sum_{i=1}^{9} i=45 m g l=180 \mathrm{~J}$.\\ Răspuns corect b.\\"
"Admitere F1 iulie 2016","2016.A.11.","Un corp cu masa de $20 \mathrm{~kg}$ este fabricat din fontă având căldura specifică $540 \mathrm{~J} /(\mathrm{kg} \cdot \mathrm{K})$. Cantitatea de căldură necesară încălzirii corpului cu $40^{\circ} \mathrm{C}$ este: (6  pct.)\\","$216 \mathrm{~kJ}$","$864 \mathrm{~kJ}$","$432 \mathrm{~kJ}$","$600 \mathrm{~kJ}$","$864 \mathrm{~J}$","$600 \mathrm{~J}$","N/A","c","$Q=m c \Delta T=20 \mathrm{~kg} \cdot 540 \frac{\mathrm{J}}{\mathrm{kg} \cdot \mathrm{K}} \cdot 40 \mathrm{~K}=432 \cdot 10^{3} \mathrm{~J}=432 \mathrm{~kJ}$.\\ Răspuns corect c.\\"
"Admitere F1 iulie 2016","2016.A.12.","Un corp punctiform este aruncat de jos în sus în câmp gravitational ( $g=10 \mathrm{~m} / \mathrm{s}^{2}$ ) cu viteza $v_{0}=10 \mathrm{~m} / \mathrm{s}$. Înălțimea maximă la care ajunge corpul este: (6 pct.)\\","$4 \mathrm{~m}$","$15 \mathrm{~m}$","$1 \mathrm{~m}$","$8 \mathrm{~m}$","$5 \mathrm{~m}$","$10 \mathrm{~m}$","N/A","e","$h_{u}=\frac{v_{0}^{2}}{2 g}=5 \mathrm{~m}$.\\ Răspuns corect e.\\"
"Admitere F1 iulie 2016","2016.A.13.","La bornele unui conductor cu rezistența electrică de $3 \Omega$ se aplică o tensiune electrică de $9 \mathrm{~V}$. Sarcina electrică transportată printr-o secțiune transversală a conductorului în timp de $20 \mathrm{~s}$ este: (6 pct.)\\","$6 \mathrm{~C}$","$18 \mathrm{~C}$","$60 \mathrm{~C}$","$10 \mathrm{~C}$","$600 \mathrm{~C}$","$180 \mathrm{~C}$","N/A","c","$q=I \cdot t=\frac{U}{R} \cdot t=60 \mathrm{C}$.\\ Răspuns corect c.\\"
"Admitere F1 iulie 2016","2016.A.14.","Printr-un rezistor cu rezistenta de $15 \Omega$ trece un curent electric cu intensitatea de $2 \mathrm{~A}$. Puterea disipată pe rezistor este: (6 pct.)\\","$15 \mathrm{~W}$","$60 \mathrm{~J}$","$15 \mathrm{~J}$","$60 \mathrm{~W}$","$30 \mathrm{~J}$","$30 \mathrm{~W}$","N/A","d","$P=R I^{2}=60 \mathrm{~W}$.\\ Răspuns corect d.\\"
"Admitere F1 iulie 2016","2016.A.15.","Utilizând notaţiile din manualele de fizică, legea lui Ohm pentru un circuit simplu este: (6 pct.)\\","$I=\frac{E}{R+r}$","$I=E \cdot r$","$I=E \cdot R$","$I=\frac{U^{2}}{R}$","$I=U \cdot R$","$I=E \cdot(R+r)$","N/A","a","Legea lui Ohm este: $I=\frac{E}{R+r}$.\\ Răspuns corect a.\\"
"Admitere F1 iulie 2015","2015.A.1.","La legarea în serie sau în paralel a patru generatoare electrice identice, puterea disipată pe un rezistor este $P=160 \mathrm{~W}$. Puterea disipată de un singur generator pe acelaşi rezistor este: ( 5 pct.)\\","$32,5 \mathrm{~W}$","$256 \mathrm{~W}$","$62,5 \mathrm{~W}$","$52,5 \mathrm{~W}$","$125 \mathrm{~W}$","$6,25 \mathrm{~W}$","N/A","c","La legarea în serie a celor patru generatoare identice, intensitatea curentului prin rezistorul de rezistență $R$, conectat la bornele acestei baterii de generatoare, este:\\ $I_{s}=\frac{4 E}{R+4 r}$, iar puterea disipată pe rezistor este $P=R I_{s}^{2}$.\\ La legarea generatoarelor în paralel, intensitatea curentului prin acelaşi rezistor de rezistență $R$, conectat la noua baterie de generatoare, este:\\ $I_{p}=\frac{E}{R+\frac{r}{4}}$, iar puterea disipată pe rezistor este $P=R I_{p}^{2}$.\\ Egalând puterile şi înlocuind expresiile $I_{s}$ şi $I_{p}$, rezultă $R=r$.\\ La conectarea rezistorului la un singur generator, intensitatea curentului prin circuit este $I=\frac{E}{R+r}$. Ținând cont că $R=r, I=\frac{E}{2 R}$, iar puterea disipată pe rezistor este $P^{\prime}=R I^{2}$, adică $P^{\prime}=\frac{E^{2}}{4 R}$. Din $P=R I_{p}^{2}$ şi $R=r$ rezultă:\\ $P=R I_{p}^{2}=R\left(\frac{E}{R+\frac{r}{4}}\right)^{2}=R\left(\frac{E}{R+\frac{R}{4}}\right)^{2}=\frac{16}{25} \frac{E^{2}}{R}$, adică $\frac{E^{2}}{R}=\frac{25}{16} P$.\\ Ca urmare, $P^{\prime}=\frac{E^{2}}{4 R}=\frac{1}{4} \cdot \frac{25}{16} P=62,5 \mathrm{~W}$. Răspuns corect c.\\"
"Admitere F1 iulie 2015","2015.A.2.","Volumul unui mol de gaz ideal la temperatura de $300 \mathrm{~K}$ şi presiunea de $10^{5} \mathrm{~Pa}$ ($\mathrm{R}=8,3 \mathrm{~J} / \mathrm{mol} \cdot \mathrm{K}$) este egal cu: (5 pct.)\\","$0,0214 \mathrm{~m}^{3}$","$41,3 \mathrm{~l}$","$0,0249 \mathrm{~m}^{3}$","$0,022 \mathrm{~m}^{3}$","$26,4 \mathrm{~l}$","$22,4 \mathrm{~l}$","N/A","c","Din ecuația termică de stare a gazului ideal, $p V=\nu R T$, se obține $V=\frac{\nu R T}{p}$, adică $V=\frac{1 \cdot 8,3 \cdot 300}{10^{5}}=0,0249 \mathrm{~m}^{3}$. Răspuns corect c.\\"
"Admitere F1 iulie 2015","2015.A.3.","Randamentul unui ciclu Carnot având temperaturile $\mathrm{T}_{1}=500 \mathrm{~K}$ şi $\mathrm{T}_{2}=300 \mathrm{~K}$ este: (5 pct.)\\","$0,3$","$0,1$","$0,4$","$0,8$","$0,6$","$0,2$","N/A","c","Randamentul ciclului Carnot, exprimat în funcție de temperaturile surselor caldă ($T_{1}$) şi respectiv rece ($T_{2}$), este $\eta=1-\frac{T_{2}}{T_{1}}$, adică: $\eta=1-\frac{300}{500}=0,4$. Răspuns corect c.\\"
"Admitere F1 iulie 2015","2015.A.4.","Căldura disipată de un consumator cu rezistenţa de $20 \Omega$ străbătut de un curent de intensitate $2 \mathrm{~A}$ timp de 5 minute este: (5 pct.)\\","$40 \mathrm{~J}$","$24 \mathrm{~kJ}$","$400 \mathrm{~J}$","$240 \mathrm{~J}$","$4 \mathrm{~kJ}$","$24 \mathrm{~J}$","N/A","b","Conform definiției $Q=W=U I t=R I^{2} t$, adică $Q=20 \cdot 4 \cdot(5 \cdot 60)=24000 \mathrm{~J}$, adică $Q=24 \mathrm{~kJ}$. Răspuns corect b.\\"
"Admitere F1 iulie 2015","2015.A.5.","Utilizând notaţiile din manualele de fizică, ecuaţia termică de stare a gazului ideal este: (5 pct.)\\","$p T=\nu R V$","$p V=\nu R T$","$V=\nu R p T$","$T=\nu R p V$","$p=\nu R T V$","$V T=\nu R p$","N/A","b","$p V=\nu R T$. Răspuns corect b.\\"
"Admitere F1 iulie 2015","2015.A.6.","Un corp coboară fără frecare pe un plan înclinat de unghi $30^{\circ}$. Acceleraţia corpului este $\left(g=10 \mathrm{~m} / \mathrm{s}^{2}\right)$: ( 5 pct.)\\","$2,5 \mathrm{~m} / \mathrm{s}^{2}$","$5 \mathrm{~m} / \mathrm{s}^{2}$","$0,5 \mathrm{~m} / \mathrm{s}^{2}$","$10 \mathrm{~m} / \mathrm{s}^{2}$","$5 \sqrt{3} \mathrm{~m} / \mathrm{s}^{2}$","$20 \mathrm{~m} / \mathrm{s}^{2}$","N/A","b","Forța care acționează asupra corpului şi îi imprimă accelerația este componenta tangențială (paralelă cu planul înclinat) a greutății sale:\\ $G_{t}=m g \sin \alpha$, unde $\alpha$ este unghiul planului înclinat.\\ Aplicând expresia principiului al doilea al mecanicii, $\vec{F}=m \vec{a}$, rezultă $a=\frac{G_{t}}{m}=g \sin \alpha$, adică $a=10 \cdot \frac{1}{2}=5 \mathrm{~m} / \mathrm{s}^{2}$. Răspuns corect b.\\"
"Admitere F1 iulie 2015","2015.A.7.","O masă de $150 \mathrm{~g}$ de gaz ideal ($\mu=18 \mathrm{~g} / \mathrm{mol}$) suferă o transformare în care presiunea variază liniar cu volumul. Gazul trece din starea $p_{1}=7 \cdot 10^{5} \mathrm{~Pa}$, $V_{1}=32 \mathrm{~l}$ în starea $p_{2}=10^{6} \mathrm{~Pa}$, $V_{2}=22 \mathrm{~l}$. Temperatura maximă atinsă de gaz în această transformare este ($\mathrm{R}=8,3 \mathrm{~J} / \mathrm{mol} \cdot \mathrm{K}$): ( 5 pct.)\\","$345 \mathrm{~K}$","$286,23 \mathrm{~K}$","$312,54 \mathrm{~K}$","$294 \mathrm{~K}$","$440,5 \mathrm{~K}$","$332 \mathrm{~K}$","N/A","f","Gazul suferă o transformare generală descrisă în coordonate ($p, V$) prin legea $p(V)=a \cdot V+b$, în care $a=\frac{p_{2}-p_{1}}{V_{2}-V_{1}}$ şi $b=p_{1}-a \cdot V_{1}$, adică $a=-3 \cdot 10^{7} \mathrm{~Pa} / \mathrm{m}^{3}$ respectiv $b=16,6 \cdot 10^{5} \mathrm{~Pa}$.\\ Înlocuind în această relație expresia presiunii $p=\frac{\nu R T}{V}$, așa cum rezultă din ecuația termică de stare a gazului ideal, se obține legea transformării generale a gazului în coordonate ($V, T$): $T(V)=\frac{1}{\nu R}\left(a \cdot V^{2}+b \cdot V\right)$.\\ Din condiția de extremum a acestei funcții, când volumul gazului este $V_{M}=-\frac{b}{2 a}$, el atinge temperatura maximă $T_{\text {max}}\left(V=V_{M}\right)=\frac{1}{\nu R}\left(\frac{-b^{2}}{4 a}\right)$, adică $T_{\text {max}}=332 \mathrm{~K}$. Răspuns corect f.\\"
"Admitere F1 iulie 2015","2015.A.8.","La capetele unui conductor de rezistenţă $2 \Omega$ se aplică o tensiune electrică de $4 \mathrm{~V}$. Intensitatea curentului electric prin conductor este: (5 pct.)\\","$1 \mathrm{~A}$","$2 \mathrm{~A}$","$3 \mathrm{~A}$","$8 \mathrm{~A}$","$0,5 \mathrm{~A}$","$4 \mathrm{~A}$","N/A","b","Aplicând legea lui Ohm pentru o porțiune de circuit, $I=\frac{U}{R}$, rezultă:\\ $I=\frac{4}{2}=2 \mathrm{~A}$. Răspuns corect b.\\"
"Admitere F1 iulie 2015","2015.A.9.","O forţă de $20 \mathrm{~N}$ acţionează asupra unui corp de masă $m=5 \mathrm{~kg}$ aflat în repaus pe o suprafaţă orizontală. Dacă se neglijează frecarea, spaţiul parcurs de corp în primele 5 secunde de mişcare este: ( 5 pct.)\\","$5 \mathrm{~m}$","$10 \mathrm{~m} / \mathrm{s}$","$50 \mathrm{~m}$","$100 \mathrm{~m}$","$2 \mathrm{~m}$","$10 \mathrm{~m}$","N/A","c","Accelerația imprimată corpului rezultă din expresia principiului al doilea al mecanicii, $\vec{F}=m \vec{a}$, adică $a=\frac{F}{m}$.\\ Legea spațiului pentru corpul care pleacă din repaus este: $s=\frac{1}{2} a t^{2}$.\\ Rezultă $s=\frac{1}{2} \frac{F}{m} t^{2}$, adică $s=\frac{1}{2} \frac{20}{5} \cdot 25=50 \mathrm{~m}$. Răspuns corect c.\\"
"Admitere F1 iulie 2015","2015.A.10.","Un gaz ideal aflat la presiunea de $10^{5} \mathrm{~Pa}$ suferă o transformare izocoră în urma căreia temperatura gazului se dublează. Presiunea gazului creşte cu: ( 5 pct.)\\","$3 \cdot 10^{5} \mathrm{~Pa}$","$10^{5} \mathrm{~Pa}$","$2 \cdot 10^{4} \mathrm{~Pa}$","$5 \cdot 10^{4} \mathrm{~Pa}$","$1,5 \cdot 10^{5} \mathrm{~Pa}$","$2 \cdot 10^{5} \mathrm{~Pa}$","N/A","b","Aplicând legea transformării izocore, $\frac{p}{T}=$ const., se obține $\frac{p_{1}}{T_{1}}=\frac{p_{2}}{2 T_{1}}$ şi $p_{2}=2 p_{1}$. Presiunea gazului creşte cu $\Delta p=p_{2}-p_{1}=p_{1}$, adică $\Delta p=10^{5} \mathrm{~Pa}$. Răspuns corect b.\\"
"Admitere F1 iulie 2015","2015.A.11.","Puterea disipată pe un rezistor cu rezistenţa de $2 \Omega$ parcurs de un curent de $2 \mathrm{~A}$ este egală cu: (5 pct.)\\","$1 \mathrm{~W}$","$2 \mathrm{~J}$","$2 \mathrm{~W}$","$8 \mathrm{~W}$","$12 \mathrm{~W}$","$4 \mathrm{~W}$","N/A","d","Conform definiției puterii electrice, $P=U I$ și legii lui Ohm pentru o porțiune de circuit, $U=R I$, rezultă $P=R I^{2}$, adică:\\ $P=2 \cdot 4=8 \mathrm{~W}$. Răspuns corect d.\\"
"Admitere F1 iulie 2015","2015.A.12.","Energia cinetică a unui corp de masă $m=2 \mathrm{~kg}$, care se mişcă cu viteza de $5 \mathrm{~m} / \mathrm{s}$, este: ( 5 pct.)\\","$12 \mathrm{~J}$","$10 \mathrm{~J}$","$100 \mathrm{~J}$","$3 \mathrm{~W}$","$50 \mathrm{~J}$","$25 \mathrm{~J}$","N/A","f","Conform definiției energiei cinetice, $E_{c}=\frac{1}{2} m v^{2}$, rezultă $E_{c}=\frac{1}{2} 2 \cdot 25=25 \mathrm{~J}$. Răspuns corect f.\\"
"Admitere F1 iulie 2015","2015.A.13.","Unitatea de măsură în SI pentru impuls este: (5 pct.)\\","$\mathrm{W}$","$\mathrm{J}$","$\mathrm{m} / \mathrm{s}$","$\mathrm{kg}$","$\mathrm{kg} \cdot \mathrm{m} / \mathrm{s}$","$\mathrm{kg} \cdot \mathrm{m} / \mathrm{s}^{2}$","N/A","e","$[p]_{\mathrm{SI}}=\mathrm{kg} \cdot \mathrm{m} / \mathrm{s}$. Răspuns corect e.\\"
"Admitere F1 iulie 2015","2015.A.14.","Utilizând notaţiile din manualele de fizică, legea lui Ohm pentru circuitul simplu este: (5 pct.)\\","$I=\frac{E}{R+r}$","$\mathrm{U}=\frac{\mathrm{I}}{\mathrm{R}}$","$\mathrm{U}=\frac{\mathrm{I}}{\mathrm{r}}$","$E=\frac{I}{R+r}$","$I=E^{2} \cdot(R+r)$","$E=\frac{I}{(R+r)^{2}}$","N/A","a","$I=\frac{E}{R+r}$. Răspuns corect a.\\"
"Admitere F1 iulie 2015","2015.A.15.","Temperatura unui kilogram de apă (cu căldura specifică $c=4185 \mathrm{~J} / \mathrm{kg} \cdot \mathrm{K}$), care primeşte o cantitate de căldură de $83700 \mathrm{~J}$, variază cu: ( 5 pct.)\\","$20^{\circ} \mathrm{C}$","$10 \mathrm{~K}$","$200 \mathrm{~K}$","$40 \mathrm{~K}$","$2^{\circ} \mathrm{C}$","$30^{\circ} \mathrm{C}$","N/A","a","Din definiția căldurii specifice a unei substanțe, $c=\frac{Q}{m \Delta T}$, rezultă $\Delta T=\frac{Q}{m c}$, adică $\Delta T=\frac{83700}{1 \cdot 4185}=20 \mathrm{~K}$ sau $\Delta t=20^{\circ} \mathrm{C}$. Răspuns corect a.\\"
"Admitere F1 iulie 2015","2015.A.16.","Două rezistoare cu rezistenţele de $2 \Omega$ şi respectiv $8 \Omega$ sunt legate în paralel. Rezistenţa echivalentă a grupării este: (5 pct.)\\","$10 \Omega$","$1,6 \Omega$","$16 \Omega$","$2 \Omega$","$4 \Omega$","$0,625 \Omega$","N/A","b","Din $\frac{1}{R_{p}}=\frac{1}{R_{1}}+\frac{1}{R_{2}}$ rezultă $R_{p}=\frac{R_{1} R_{2}}{R_{1}+R_{2}}$, adică $R_{p}=1,6 \Omega$. Răspuns corect b.\\"
"Admitere F1 iulie 2015","2015.A.17.","Legea de mişcare a unui mobil este $x(t)=2 t^{2}-8 t+21$ (m). Coordonata $x$ a mobilului la momentul de timp $t=2 \mathrm{~s}$ este: (5 pct.)\\","$21 \mathrm{~m}$","$1 \mathrm{~m}$","$13 \mathrm{~m}$","$15 \mathrm{~m}$","$11 \mathrm{~m}$","$2 \mathrm{~m}$","N/A","c","Introducând valoarea $t=2 \mathrm{~s}$ în legea de mişcare se obține:\\ $x(2)=2 \cdot 4-8 \cdot 2+21=13 \mathrm{~m}$. Răspuns corect c.\\"
"Admitere F1 iulie 2015","2015.A.18.","Sub acţiunea unei forţe deformatoare $F$, alungirea absolută a unui resort cu constanta de elasticitate $k$ este: (5 pct.)\\","$F^{2} \cdot k$","$F \cdot k^{2}$","$F / k$","$k / F$","$F \cdot k$","$F / 2 k$","N/A","c","Conform definiției, $F=k \cdot \Delta l$, adică $\Delta l=\frac{F}{k}$. Răspuns corect c.\\"
"Admitere Fb iulie 2023","2023.A.1.","Rezistența echivalentă a două rezistoare conectate în paralel este $2,4 \mathrm{~k} \Omega$. Unul dintre rezistoare are rezistența egală cu $4 k \Omega$. Rezistența celuilalt rezistor este: ( 9 pct.)\\","$6000 \Omega$","$600 \Omega$","$60 \Omega$","$60 \mathrm{~k} \Omega$","$6 \Omega$","$1,6 \mathrm{~k} \Omega$","N/A","a","Rezistența echivalentă a grupării paralel este $R_{e}=\frac{R_{1} R_{2}}{R_{1}+R_{2}} 2$. De unde rezultă: $R_{2}=6 \mathrm{~k} \Omega$. Răspuns corect a.\\"
"Admitere Fb iulie 2023","2023.A.2.","Un corp cu masa de $2,5 \mathrm{~kg}$ este suspendat de un resort având constanta elastică egală cu $250 \mathrm{~N} / \mathrm{m}$. Alungirea resortului este ($g=10 \mathrm{~m} / \mathrm{s}^{2}$): (9 pct.)\\","$10 \mathrm{~cm}$","$1 \mathrm{~cm}$","$10 \mathrm{~m}$","$1 \mathrm{~m}$","$4 \mathrm{~cm}$","$40 \mathrm{~cm}$","N/A","a","Forța elastică este $F_{e}=k \Delta l$ deci alungirea este $\frac{F}{k}=10 \mathrm{~cm}$. Răspuns corect a.\\"
"Admitere Fb iulie 2023","2023.A.3.","Un gaz ideal aflat inițial la presiunea de $1 \mathrm{~kPa}$ se destinde izoterm până când volumul său se dublează. Presiunea finală a gazului este: (9 pct.)\\","$500 \mathrm{~Pa}$","$500 \mathrm{~kPa}$","$50 \mathrm{~kPa}$","$2 \mathrm{~kPa}$","$1 \mathrm{~Pa}$","$4 \mathrm{~kPa}$","N/A","a","Din legea transformării izoterme rezultă $P_{2}=\frac{P_{1} V_{1}}{V_{2}}=500 \mathrm{~Pa}$. Răspuns corect a.\\"
"Admitere Fb iulie 2023","2023.A.4.","Un motor funcționează după un ciclu Carnot între două rezervoare termice având temperaturile de $900 \mathrm{~K}$ şi $300 \mathrm{~K}$. În fiecare ciclu, motorul efectuează un lucru mecanic de $1200 \mathrm{~J}$. Căldura cedată sursei reci într-un ciclu este: (9 pct.)\\","$600 \mathrm{~J}$","$1800 \mathrm{~J}$","$660 \mathrm{~J}$","$1320 \mathrm{~J}$","$400 \mathrm{~J}$","$2400 \mathrm{~J}$","N/A","a","Randamentul unui motor termic este $\eta=\frac{L}{Q_{\text {prim}}}$. Din conservarea energiei, $Q_{\text {prim}}=L+ \left|Q_{ced}\right|$. Randamentul ciclului Carnot este $\eta=1-\frac{T_{2}}{T_{1}}$, de unde rezultă $\left|Q_{ced}\right|=\frac{T_{2} L}{T_{1}-T_{2}}=600 \mathrm{~J}$. Răspuns corect a.\\"
"Admitere Fb iulie 2023","2023.A.5.","Un circuit este format dintr-o sursă cu t.e.m. de $12 \mathrm{~V}$ și rezistența internă de $6 \Omega$ şi un rezistor cu rezistență variabilă. Puterea maximă ce poate fi debitată în rezistor este: (9 pct.)\\","$6 \mathrm{~W}$","$2 \mathrm{~W}$","$24 \mathrm{~W}$","$12 \mathrm{~W}$","$72 \mathrm{~W}$","$1 \mathrm{~W}$","N/A","a","Puterea maximă debitată într-un circuit se obține când rezistența circuitului este egală cu rezistența internă a sursei: $P=I^{2} r=\frac{E^{2}}{4 r}=6 \mathrm{~W}$. Răspuns corect a.\\"
"Admitere Fb iulie 2023","2023.A.6.","Legea de mişcare a unui punct material cu masa de $2 \mathrm{~kg}$ este $x(t)=5+6t+1,5t^{2}$, unde $x$ este măsurat în metri, iar $t$ în secunde. Forța care acționează asupra punctului material este: (9 pct.)\\","$6 \mathrm{~N}$","$3 \mathrm{~N}$","$16 \mathrm{~N}$","$1,5 \mathrm{~N}$","$12 \mathrm{~N}$","$10 \mathrm{~N}$","N/A","a","Din legea mişcării rezultă: $\frac{a}{2}=1,5 \mathrm{~m} / \mathrm{s}^{2}$, de unde $a=3 \mathrm{~m} / \mathrm{s}^{2}$.\\ Deci forța care acționează este $F=m a=6 \mathrm{~N}$. Răspuns corect a.\\"
"Admitere Fb iulie 2023","2023.A.7.","Un circuit electric este format din trei surse ideale de tensiune cu t.e.m. de $100 \mathrm{~V}$, patru rezistoare, fiecare având rezistența $R$ de $4 \Omega$ şi un rezistor cu rezistența variabilă $R_{x}$, conectate ca în figură. Dacă tensiunea la bornele rezistorului $R_{x}$ este de $34 \mathrm{~V}$, intensitatea curentului prin acesta are valoarea: ( 9 pct.)\\","$4 \mathrm{~A}$","$5 \mathrm{~A}$","$6 \mathrm{~A}$","$7 \mathrm{~A}$","$8 \mathrm{~A}$","$9 \mathrm{~A}$","images/2025_08_19_17c3b9471cd89f0defc4g-02(1)","a","Circuitul poate fi simplificat considerând o grupare paralel a două surse de tensiune electromotoare $E$ și rezistența internă $R$. Astfel, se obține schema echivalentă din figură în care se aplică legea lui Kirchoff:\\ \begin{center} \includegraphics[width=0.4\linewidth]{images/2025_08_19_17c3b9471cd89f0defc4g-03(1)} \end{center}\\ $\left\{\begin{array}{c} 2 I_{1} R+I R=E \\ I \frac{R}{2}+I R_{x}+I_{1} R+I R=E \end{array}\right.$, unde $I R_{x}=U$\\ De aici rezultă: $I=\frac{E-2 U}{2 R}=4 \mathrm{~A}$. Răspuns corect a.\\"
"Admitere Fb iulie 2023","2023.A.8.","Un corp cu masa de $1000 \mathrm{~g}$ este lansat de la baza unui plan înclinat, în lungul acestuia, cu viteza de $4 \mathrm{~m} / \mathrm{s}$. Corpul revine la baza planului înclinat cu o viteză egală cu jumătate din viteza inițială. Lucrul mecanic al forțelor de frecare dintre corp şi plan este: (9 pct.)\\","$-6 \mathrm{~J}$","$-3 \mathrm{~J}$","$-1 \mathrm{~J}$","$-12 \mathrm{~J}$","$-18 \mathrm{~J}$","$-5 \mathrm{~J}$","N/A","a","Din teorema de variație a energiei cinetice rezultă $\left|L_{Ff}\right|=\left|\frac{m v^{2}}{2}-\frac{m v_{0}^{2}}{2}\right|=6 \mathrm{~J}$. Răspuns corect a.\\"
"Admitere Fb iulie 2023","2023.A.9.","În cursul unui proces izobar, lucrul mecanic efectuat de un gaz ideal reprezintă un sfert din căldura primită. Exponentul adiabatic al gazului este: (9 pct.)\\","$\frac{4}{3}$","$\frac{7}{5}$","$\frac{8}{5}$","$\frac{10}{7}$","$\frac{3}{2}$","$\frac{5}{3}$","N/A","a","Folosim relația dintre căldură și lucru mecanic:\\ $L=\frac{1}{4} Q \Rightarrow \nu R \Delta T=\frac{1}{4} \nu C_{p} \Delta T \Rightarrow C_{p}=4 R$;\\ Conform relației Rober-Mayer, $C_{p}-C_{V}=R \Rightarrow C_{V}=C_{p}-R=4 R-R=3 R$.\\ Obținem exponenul adiabatic $\gamma=\frac{C_{p}}{C_{V}}=\frac{4 R}{3 R}=\frac{4}{3}$. Răspuns corect a.\\"
"Admitere Fb iulie 2023","2023.A.10.","Viteza unui mobil aflat în mişcare rectilinie este reprezentată în figură. Viteza medie a mobilului în intervalul de timp cuprins între $t_{1}=1 \mathrm{~s}$ şi $t_{2}=5 \mathrm{~s}$ este: (9 pct.)\\","$3,75 \mathrm{~m} / \mathrm{s}$","$5 \mathrm{~m} / \mathrm{s}$","$10 \mathrm{~m} / \mathrm{s}$","$7,5 \mathrm{~m} / \mathrm{s}$","$11,25 \mathrm{~m} / \mathrm{s}$","$4,5 \mathrm{~m} / \mathrm{s}$","images/2025_08_19_17c3b9471cd89f0defc4g-02","a","Graficul este format din 3 zone în intervalul $t_{1}=1 \mathrm{~s}$ și $t_{2}=5 \mathrm{~s}$:\\ Între $t=1 \mathrm{~s}$ și $t=2 \mathrm{~s}$, este o dreaptă descendentă de la $10 \mathrm{~m} / \mathrm{s}$ la $0 \mathrm{~m} / \mathrm{s}$, deci aflăm distanța din aria triunghiului: $d_{1}=\frac{1}{2}(2-1)(10-0)=5 \mathrm{~m}$.\\ Între $t=2 \mathrm{~s}$ și $t=4 \mathrm{~s}$, viteza este nulă, deci $d_{2}=0 \mathrm{~m}$.\\ Între $t=4 \mathrm{~s}$ și $t=5 \mathrm{~s}$, viteza este constantă, deplasarea aflându-se din aria dreptunghiului: $d_{3}=(5-4) \cdot 10=10 \mathrm{~m}$.\\ Din toate, deplasarea totală este $\Delta d=d_{1}+d_{2}+d_{3}=15 \mathrm{~m}$.\\ Deci viteza medie este: $v_{m}=\frac{\Delta d}{\Delta t}=\frac{15}{4}=3,75 \mathrm{~m} / \mathrm{s}$. Răspuns corect a.\\"
"Admitere F iulie 2024","2024.A.1.","La o sursă de tensiune ideală se conectează 15 ampermetre ideale, fiecare conectat în serie cu câte un rezistor cu rezistența $R_{i}(i=1, \ldots, 15)$ și 15 voltmetre ideale, fiecare dintre ele fiind conectat în paralel cu câte un rezistor cu rezistența $R$, ca în figură. Voltmetrul $V_{1}$ indică $U_{1}=9 \mathrm{~V}$, iar primele două ampermetre indică $I_{1}=2,9 \mathrm{~mA}$ și $I_{2}=2,6 \mathrm{~mA}$. Suma valorilor indicate de celelalte voltmetre este: (9 pct.)\\","$7,8 \mathrm{~V}$","$80 \mathrm{~V}$","$9 \mathrm{~V}$","$90 \mathrm{~V}$","$8 \mathrm{~V}$","$78 \mathrm{~V}$","images/2025_08_29_f6247b646b21fa124082g-1(1)","f","Considerăm figura problemei:\\ \begin{center} \includegraphics[width=0.4\linewidth]{images/2025_08_29_e254769008c62e16ba92g-1} \end{center}\\ Avem:\\ $\sum_{i=2}^{15} U_{i}=r \sum_{i=2}^{15} i \\ \sum_{i=2}^{15} i=\left(I_{2}-I_{3}\right)+\left(I_{3}-I_{4}\right)+\cdots+\left(I_{13}-I_{14}\right)+\left(I_{14}-I_{15}\right)=I_{2} \\ \sum U_{i}=r \cdot I_{2} \\ i_{1}=I_{1}-I_{2} \\ U_{i}=i_{1} \cdot r \Rightarrow R=\frac{U_{i}}{I_{1}-I_{2}}=\frac{9}{2,9-2,6}=\frac{9}{0,3}=30 \Omega \Rightarrow \sum_{i=2}^{15} U_{i}=30 \cdot 2,6=78 \mathrm{~V}$. Răspuns corect f.\\"
"Admitere F iulie 2024","2024.A.2.","Se consideră circuitul din figură în care sursa de tensiune este ideală. Raportul $I_{1} / I_{2}$ dintre curentul $I_{1}$ indicat de ampermetru când întrerupătorul $K$ este închis și curentul $I_{2}$ indicat de ampermetru când întrerupătorul $K$ este deschis este: (9 pct.)\\","$\frac{3}{2}$","$\frac{3}{4}$","$\frac{9}{8}$","$\frac{8}{9}$","$1$","$\frac{4}{3}$","images/2025_08_29_f6247b646b21fa124082g-1","c","Considerăm figura problemei:\\ \begin{center} \includegraphics[width=0.4\linewidth]{images/2025_08_29_e254769008c62e16ba92g-1(1)} \end{center}\\ Cu $K$ închis: $\left(\frac{1}{R}+\frac{1}{2 R}\right)^{-1} \cdot 2=R_{e} \Rightarrow R_{e_{1}}=\frac{2 R}{3} \cdot 2=\frac{4 R}{3}$;\\ Cu $K$ deschis: $\left(\frac{2}{3 R}\right)^{-1}=R_{e} \Rightarrow R_{e_{2}}=\frac{3 R}{2}$;\\ Obținem: $I_{1} R_{e_{1}}=I_{2} R_{e_{2}} \Rightarrow \frac{I_{1}}{I_{2}}=\frac{R_{e e}}{R_{e_{1}}}=\frac{3 R}{2} \cdot \frac{3}{4 R}=\frac{9}{8}$. Răspuns corect c.\\"
"Admitere F iulie 2024","2024.A.3.","Un mol de gaz ideal trece printr-o transformare în care relația între presiune și volum este $p=a\left[1-\frac{1}{2}\left(\frac{b}{V}\right)^{2}\right]$, unde $a=3,328 \cdot 10^{5} \mathrm{~Pa}$ și $b=1,6$ litri. Atunci când volumul $V$ al gazului variază de la $1,6$ litri la $3,2$ litri, temperatura gazului creşte cu ($R=8,32 \mathrm{~J} / \mathrm{mol} \cdot K$): (9 pct.)\\","$64 \mathrm{~K}$","$32 \mathrm{~K}$","$3200 \mathrm{~K}$","$80 \mathrm{~K}$","$320 \mathrm{~K}$","$3,2 \mathrm{~K}$","N/A","d","Relația de bază a transformării este:\\ $p=a\left[1-\frac{1}{2}\left(\frac{b}{V}\right)^{2}\right]; \quad a=3,328 \cdot 10^{5} \mathrm{~Pa}; \quad b=1,6$ litri\\ Pentru cele două situații, avem:\\ $p_{1}=a\left[1-\frac{1}{2}\left(\frac{b}{b}\right)^{2}\right]=\frac{a}{2}$;\\ $p_{2}=a\left[1-\frac{1}{2}\left(\frac{b}{2 b}\right)^{2}\right]=a\left[1-\frac{1}{8}\right]=\frac{7 a}{8}$;\\ Scriem ecuațiile de stare pentru aceste situații:\\ $p_{1} V_{1}=\nu R T_{1} \Rightarrow \frac{a b}{2}=\nu R T_{1} \Rightarrow T_{1}=\frac{a b}{2 \nu R}$\\ $p_{2} V_{2}=\nu R T_{2} \Rightarrow \frac{7 a}{8} \cdot 2 b=\nu R T_{2} \Rightarrow \frac{7 a b}{4}=\nu R T_{2} \Rightarrow T_{2}=\frac{7 a b}{4 \nu R}$\\ Deci diferența de temperatură este:\\ $T_{2}-T_{1}=\frac{7 a b}{4 \nu R}-\frac{a b}{2 \nu R}=\frac{a b}{2 \nu R}(3,5-1)=\frac{3,328 \cdot 10^{5} \cdot 1,6 \cdot 10^{-3}}{2 \cdot 8,32}(2,5)=32 \cdot 2,5=80 \mathrm{~K}$. Răspuns corect d.\\"
"Admitere F iulie 2024","2024.A.4.","Două mobile pornesc simultan din punctul $A$ de-a lungul laturilor unui circuit de forma unui triunghi dreptunghic $A B C$ deplasându-se cu viteze constante. Primul se îndreaptă spre punctul $C$ iar cel de-al doilea spre punctul $B$. Mobilele se întâlnesc prima dată la 4 minute după începerea mişcării, în punctul $B$. Cunoscând dimensiunile catetelor $B C=400 \mathrm{~m}$ și $A C=300 \mathrm{~m}$, timpul după care se întâlnesc mobilele a doua oară, tot în punctul $B$, având ca referință începutul mişcării, este: (9 pct.)\\","$48 \mathrm{~min}$","$15 \mathrm{~min}$","$24 \mathrm{~min}$","$50 \mathrm{~min}$","$12 \mathrm{~min}$","$52 \mathrm{~min}$","N/A","f","Prima întâlnire:\\ $t_{1}=\frac{A C+C B}{v_{2}} \Rightarrow v_{2}=\frac{700 \mathrm{m}}{4 \mathrm{min} }=175 \frac{\mathrm{m}}{\mathrm{min}}$;\\ A doua întâlnire:\\ $\left.\begin{array}{rl}\frac{n \cdot p}{t_{2}} & =v_{1} \\ \frac{m \cdot p}{t_{2}} & =v_{2}\end{array}\right\} \Rightarrow \frac{n}{m}=\frac{v_{1}}{v_{2}}=\frac{125}{175}=\frac{5}{7} \Rightarrow n=\frac{5 m}{7} \Rightarrow m=7$;\\ Deci:\\ $t_{2}=\frac{7 \cdot p}{v_{2}}=\frac{7 \cdot 100(5+3+4)}{175}=4 \cdot 12=48 \mathrm{~min}$;\\ $t_{2 \text { total}}=48+4=52 \mathrm{~min}$. Răspuns corect f.\\"
"Admitere F iulie 2024","2024.A.5.","Un gaz ideal monoatomic este folosit într-un motor Otto (transformare ciclică formată din două adiabate și două izocore). Temperaturile stărilor care marchează capetele celor patru transformări sunt $300 \mathrm{~K}$, $400 \mathrm{~K}$, $600 \mathrm{~K}$ și $800 \mathrm{~K}$. Care din următoarele valori poate reprezenta randamentul ciclului? (9 pct.)\\","$0,625$","$0,575$","$0,375$","$0,225$","$0,250$","$0,275$","N/A","e","Randamentul ciclului are formula:\\ $\eta=\frac{L}{Q}=\frac{L_{12}+L_{34}}{Q_{41}}=-\frac{\nu C_{V}\left(T_{2}-T_{1}\right)-\nu C_{V}\left(T_{4}-T_{3}\right)}{\nu C_{V}\left(T_{1}-T_{4}\right)}=\frac{\left(T_{1}-T_{2}\right)+\left(T_{3}-T_{4}\right)}{T_{1}-T_{4}}$.\\ Având la dispoziție toate cele patru temperaturi ale ciclului de transformări, înlocuim în formulă prin încercări în ceea ce privește ordinea temperaturilor:\\ $\frac{(800-400)-300}{200}=\frac{100}{200}=0,5 \rightarrow$ nu se verifică\\ $\frac{(800-600)-100}{400}=\frac{100}{400}=0,25 \rightarrow$ convine. Răspuns corect e.\\"
"Admitere F iulie 2024","2024.A.6.","Trei corpuri sunt suspendate prin fire ideale folosind scripeți ideali ca în figură. Cele trei corpuri sunt inițial fixate în repaus la aceeași înălțime și echidistante pe orizontală, iar după eliberare ele se mișcă astfel încât centrele lor rămân coliniare. Știind că la un moment dat corpul $A$ s-a deplasat cu $3 \mathrm{~cm}$ în sus față de poziția inițială, distanța cu care s-a deplasat corpul $B$ este: (9 pct.)\\","$3 \mathrm{~cm}$","$5 \mathrm{~cm}$","$1 \mathrm{~cm}$","$0,5 \mathrm{~cm}$","$1,5 \mathrm{~cm}$","nu se mișcă","N/A","c","Avem $h_{B}-h_{A}=h_{C}-h_{B}$ și $h_{C}+h_{A}=2 h_{B}$.\\ Pentru ca cele 3 corpuri să rămână coliniare, atunci față de reperul dat de poziția inițială se obține:\\ $h_{A}=3 \mathrm{~cm} \\ h_{B}=-3 \mathrm{~cm}+\Delta x \\ h_{C}=-3 \mathrm{~cm}-\Delta x$\\ După înlocuirea în prima relație se obține:\\ $\Delta x=2 \mathrm{~cm} \Rightarrow h_{B}=-1 \mathrm{~cm}$. Deci deplasarea corpului $B$ este de $1 \mathrm{~cm}$. Răspuns corect c.\\"
"Admitere F iulie 2024","2024.A.7.","Într-un balon de sticlă cu volumul $V=2$ litri se află un gaz cu temperatura $T_{1}=300 \mathrm{~K}$ și presiunea $p_{1}=2 \cdot 10^{5} \mathrm{~Pa}$. Dacă se scoate din balon o cantitate $\Delta {m}=1 \mathrm{~kg}$ de gaz, dar temperatura rămâne constantă, presiunea devine $p_{2}=1,5 \cdot 10^{5} \mathrm{~Pa}$. Densitatea gazului care ocupă volumul balonului la temperatura $T=250 \mathrm{~K}$ și presiunea $p=10^{5} \mathrm{~Pa}$ este: (9 pct.)\\","$0,9 \mathrm{~kg} / \mathrm{m}^{3}$","$1,3 \mathrm{~kg} / \mathrm{m}^{3}$","$1,0 \mathrm{~kg} / \mathrm{m}^{3}$","$1,75 \mathrm{~kg} / \mathrm{m}^{3}$","$1,9 \mathrm{~kg} / \mathrm{m}^{3}$","$1,2 \mathrm{~kg} / \mathrm{m}^{3}$","N/A","f","Scriem ecuațiile de stare:\\ $p_{1} V=\nu R T_{1} \\ p_{2} V=(\nu-\Delta \nu) R T_{1} \Rightarrow p_{2} V=\nu R T_{1}-\Delta \nu R T_{1}$;\\ Deoarece $\Delta \nu=\frac{\left(p_{1}-p_{2}\right) V}{R T_{1}}=\frac{\Delta m}{\mu} \Rightarrow \mu=\frac{\Delta m \cdot R T_{1}}{\left(p_{1}-p_{2}\right) V}$;\\ Densitatea căutată este $\rho=\frac{m}{V}=\frac{m}{\mu} \cdot \frac{\mu}{V}=v \cdot \frac{\mu}{V}=\frac{p V}{R T} \cdot \frac{\mu}{V}$;\\ Deci: $\rho=\frac{p}{R T} \cdot \frac{\Delta m \cdot R T_{1}}{\left(p_{1}-p_{2}\right) V}=\frac{p \cdot \Delta m \cdot T_{1}}{V \cdot s \cdot p T}=\frac{1 \cdot 10^{5} \cdot 300 \cdot 10^{3}}{0,5 \cdot 10^{5} \cdot 2 \cdot 10^{-3} \cdot 250}=\frac{300}{250}=\frac{6}{5}=1,2 \mathrm{~kg} / \mathrm{m}^{3}$. Răspuns corect f.\\"
"Admitere F iulie 2024","2024.A.8.","La bornele unui rezistor cu rezistența $R=20 \Omega$ se aplică o tensiune $U=40 \mathrm{~V}$. Intensitatea curentului electric prin rezistor este: (9 pct.)\\","$1 \mathrm{~A}$","$12 \mathrm{~A}$","$2 \mathrm{~A}$","$3 \mathrm{~A}$","$6 \mathrm{~A}$","$5 \mathrm{~A}$","N/A","c","Avem $I=\frac{U}{R}=\frac{40}{20}=2 \mathrm{~A}$. Răspuns corect c.\\"
"Admitere F iulie 2024","2024.A.9.","Un motor are puterea $P=98 \mathrm{~kW}$. Motorul este folosit pentru a ridica cu viteză constantă un corp cu masa $m=500 \mathrm{~kg}$ la înălțimea $h=18 \mathrm{~m}$. Considerând $g=9,8 \mathrm{~m} / \mathrm{s}^{2}$, timpul în care va fi ridicat corpul este: (9 pct.)\\","$1 \mathrm{~s}$","$0,9 \mathrm{~s}$","$2 \mathrm{~s}$","$0,5 \mathrm{~s}$","$1,2 \mathrm{~s}$","$0,5 \mathrm{~s}$","N/A","b","Avem $P=F \cdot v=\frac{L}{\Delta t} \Rightarrow \Delta t=\frac{L}{p}=\frac{m g h}{p}=\frac{500 \cdot 9,8 \cdot 10}{98 \cdot 10^{3}}=\frac{90 \cdot 10}{10^{3}}=0,9 \mathrm{~s}$. Răspuns corect b.\\"
"Admitere F iulie 2024","2024.A.10.","Un corp se deplasează sub acțiunea unei forțe care depinde de poziție după legea $F(x)=12-0,5 x$, unde $x$ este exprimată în metri și $F$ este exprimată în Newtoni. Lucrul mecanic efectuat la deplasarea corpului între pozițiile  $x_{1}=4 \mathrm{~m}$ și $x_{2}=16 \mathrm{~m}$ este: (9 pct.)\\","$70 \mathrm{~J}$","$84 \mathrm{~J}$","$168 \mathrm{~J}$","$140 \mathrm{~J}$","$204 \mathrm{~J}$","$10 \mathrm{~J}$","N/A","b","Valoarea forței în cele două poziții-reper este:\\ $F(x_{1})=12-0,5 \cdot 4=10 \mathrm{~N}$;\\ $F(x_{2})=12-0,5 \cdot 16=4 \mathrm{~N}$;\\ Lucrul mecanic efectuat este aria trapezului determinat de legea dată și cele două poziții pe axa $Ox$:\\ $L=\frac{(10+4) \cdot 12}{2}=14 \cdot 6=84 \mathrm{~J}$. Răspuns corect b.\\"
"Preadmitere F aprilie 2024","2024.P.1.","Modulul variației energiei potențiale a unui corp ce coboară între două puncte ale unui plan înclinat este de 4 ori mai mare decât modulul lucrului mecanic al forței de frecare între aceleași puncte. Randamentul planului înclinat este: (9 pct.)\\","$0,8$","$0,4$","$0,6$","$0,2$","$0,5$","$0,3$","N/A","a","Randamentul planului înclinat este:\\ $\eta=\frac{L_{u}}{L_{c}}=\frac{\Delta E_{p}}{\Delta E_{p}+L_{F f}}=\frac{4}{5}=0,8$. Răspuns corect a.\\"
"Preadmitere F aprilie 2024","2024.P.2.","O bilă este aruncată vertical în sus. Distanța dintre bilă și un punct fix de pe traiectoria acesteia este prezentată în figura de mai jos. Cunoscând $g=10 \mathrm{~m} / \mathrm{s}^{2}$, viteza cu care a fost aruncată bila este: (9 pct.)\\","$20 \mathrm{~m} / \mathrm{s}$","$8 \mathrm{~m} / \mathrm{s}$","$12 \mathrm{~m} / \mathrm{s}$","$4 \sqrt{10} \mathrm{~m} / \mathrm{s}$","$10 \sqrt{2} \mathrm{~m} / \mathrm{s}$","$4 \sqrt{15} \mathrm{~m} / \mathrm{s}$","images/2025_08_27_d74d983b3f0f59c27780g-1","a","Aplicând legea lui Galilei, $v_{0}^{2}=2 a \Delta d \Rightarrow v_{0}=\sqrt{20 \cdot \Delta d}$, unde $v_{0}$ este viteza iniţială a bilei. Citind deplasarea din grafic, $\Delta d=8-(-12)=20 \mathrm{~m}$, obţinem $v_{0}=\sqrt{2 \cdot 10 \cdot 20} \Rightarrow v_{0}=20 \mathrm{~m} / \mathrm{s}$. Răspuns corect a.\\"
"Preadmitere F aprilie 2024","2024.P.3.","O gazelă vede o panteră aflată la o distanță $d=27 \mathrm{~m}$ și începe să alerge cu viteză constantă. În același moment, pantera pornește cu viteza inițială $v=32 \mathrm{~m} / \mathrm{s}$ în urmărirea gazelei. Mișcarea celor două animale se petrece pe dreapta determinată de pozițiile lor inițiale. Întrucât pantera nu poate alerga cu viteza maximă pe distanțe lungi, ea își reduce viteza brusc cu câte $3 \mathrm{~m} / \mathrm{s}$ la fiecare 2 secunde. Viteza minimă cu care trebuie să alerge gazela pentru a nu fi prinsă este: (9 pct.)\\","$24,5 \mathrm{~m} / \mathrm{s}$","$18,5 \mathrm{~m} / \mathrm{s}$","$23,75 \mathrm{~m} / \mathrm{s}$","$24,125 \mathrm{~m} / \mathrm{s}$","$27,5 \mathrm{~m} / \mathrm{s}$","$23,45 \mathrm{~m} / \mathrm{s}$","N/A","a","Legile de mișcare ale celor două animale sunt: $x_{g}(N)=d_{0}+v_{g} N t_{0}\\ x_{p}(N)=v z_{0}+(v-\Delta v) t_{0}+\cdots{ }+(v-(N-1) \Delta v) t_{0}=N v t_{0}-\Delta v t_{0} N(N-1)$\\ Condițiile de întâlnire sunt:\\ $x_{g}=x_{p}$\\ $v_{g}<v-(N-1) \Delta v$\\ $v_{g}>v-N \Delta v$\\ Unde:\\ $v_{g}=\frac{x_{g}(N)-d_{0}}{N t_{n}}$\\ $v_{p}=v_{0}-\Delta v \frac{N(N-1)}{2}$\\ De aici rezultă: $N(N+1)<\frac{2 d_{0}}{\Delta v t_{n}}<N(N+1)$ şi se obține $N=3$.\\ Din condiţia $x_{g}=x_{p}$ rezultă $v_{g}=24,5 \mathrm{~m} / \mathrm{s}$. Răspuns corect a.\\"
"Preadmitere F aprilie 2024","2024.P.4.","Două vase $A$ și $B$ construite dintr-un material conductor termic sunt conectate între ele printr-un tub cu volum neglijabil confecționat din același material. Două robinete $C$ și $D$ sunt montate pe tuburi ca în figură. Inițial, vasele sunt vidate și robinetele închise. Se deschide robinetul $D$ și se umple vasul $B$ cu aer până când presiunea din vas este $p=1,2 \mathrm{~atm}$. Se închide robinetul $D$ și apoi se deschide robinetul $C$. Presiunea din vasul $B$ scade cu $\Delta p=0,2 \mathrm{~atm}$. Dacă volumul vasului $B$ este $V_{B}=10$ litri, volumul vasului $A$ este: (9 pct.)\\","2 litri","4 litri","6 litri","3 litri","8 litri","5 litri","images/2025_08_27_d74d983b3f0f59c27780g-2","a","La momentul iniţial, gazul din vasul $B$ are $V_{B}=10 \mathrm{~l}$ şi $P i_{B}=1,2 \mathrm{~atm}$ iar vasul $A$ este vidat. Aplicăm ecuaţia termică de stare pentru gazul care intră în cele două vase in starea iniţială $P_{i} V_{B}=\nu R T$ şi în starea finală:\\ $P_{f}=(P_{i}-\Delta P) \cdot\left(V_{A}+V_{B}\right)=\nu R T$.\\ Din egalarea celor două ecuaţii se obţine $(P_{i}-\Delta P) \cdot\left(V_{A}+V_{B}\right)=P_{i} V_{B}$, de unde rezultă:\\ $\frac{V_{A}}{V_{R}}+1=\frac{P_{i}}{P_{i}-\Delta P}$ şi $\frac{V_{A}}{V_{R}}=\frac{P_{i}-P_{i}+\Delta P}{P_{i}-\Delta P} \Rightarrow V_{A}=V_{B} \cdot \frac{\Delta P}{P_{i}-\Delta P}=10 \cdot \frac{0,2}{1}=2 \mathrm{~l}$. Răspuns corect a.\\"
"Preadmitere F aprilie 2024","2024.P.5.","La funcționarea în gol a unei surse, tensiunea la borne este de $10 \mathrm{~V}$, iar la funcționarea în scurtcircuit curentul are intensitatea de $40 \mathrm{~A}$. Rezistența internă a sursei este: (9 pct.)\\","$0,25 \Omega$","$1 \Omega$","$2,5 \Omega$","$4 \Omega$","$0,4 \Omega$","$2 \Omega$","N/A","a","La funcţionarea în gol a sursei, tensiunea electromotoare este egală cu tensiunea la bornele sursei $E=U_{G}$. În scurt circuit avem $I_{SC}=\frac{E}{r}=\frac{U_{G}}{r}$, de unde rezultă $r=0,25 \Omega$. Răspuns corect a.\\"
"Preadmitere F aprilie 2024","2024.P.6.","O coardă de alpinism având lungimea inițială de $60 \mathrm{~m}$ și aria secţiunii transversale egală cu $60 \mathrm{~mm}^{2}$ se alungește cu $1,5 \mathrm{~m}$ sub acțiunea greutății unui om cu masa de $90 \mathrm{~kg}$. Cunoscând $g=10 \mathrm{~m} / \mathrm{s}^{2}$, modulul lui Young pentru materialul din care este confecționată coarda este: (9 pct.)\\","$6 \cdot 10^{8} \frac{\mathrm{kg}}{\mathrm{m} \cdot \mathrm{~s}^{2}}$","$8 \cdot 10^{8} \frac{\mathrm{kg}}{\mathrm{m} \cdot \mathrm{~s}^{2}}$","$4 \cdot 10^{8} \frac{\mathrm{kg}}{\mathrm{m} \cdot \mathrm{~s}^{2}}$","$5 \cdot 10^{6} \frac{\mathrm{kg}}{\mathrm{m} \cdot \mathrm{~s}^{2}}$","$3,75 \cdot 10^{5} \frac{\mathrm{kg}}{\mathrm{m} \cdot \mathrm{~s}^{2}}$","$8 \cdot 10^{6} \frac{\mathrm{kg}}{\mathrm{m} \cdot \mathrm{~s}^{2}}$","N/A","a","Modulul lui Young se determină din legea lui Hooke:\\ $E=\frac{\frac{F}{S}}{\frac{\Delta l}{l_{0}}}=6 \cdot 10^{-8} \mathrm{~N} / \mathrm{m}^{2}$. Răspuns corect a.\\"
"Preadmitere F aprilie 2024","2024.P.7.","Într-un vas închis cu volumul $V=1$ litru se află un gaz ideal monoatomic la presiunea $p_{i}=100 \mathrm{kPa}$. Gazul este încălzit izocor până la presiunea finală $p_{f}=120 \mathrm{kPa}$. Căldura absorbită de gaz este: (9 pct.)\\","$30 \mathrm{~J}$","$20 \mathrm{~J}$","$3 \mathrm{~kJ}$","$10 \mathrm{~kJ}$","$100 \mathrm{~kJ}$","$120 \mathrm{~J}$","N/A","a","Temperatura finală a gazului se determină din legea transformării izocore:\\ $\frac{P_{1}}{T_{1}}=\frac{P_{2}}{T_{2}} \Rightarrow T_{2}=T_{1} \cdot \frac{P_{2}}{P_{1}}$.\\ Căldura absorbită este:\\ $Q=\nu \cdot C_{V} \cdot \Delta T=\frac{3}{2} \nu R \Delta T=\frac{3}{2} \nu R T_{1}\left(\frac{p_{2}}{p_{1}}-1\right)$, iar $T_{1}$ se determină din ecuaţia termică de stare $P_{1} V_{1}=\nu R T_{1} \Rightarrow T_{1} \frac{P_{1} V_{1}}{\nu R}$.\\ În final se obţine $Q=\frac{3}{2} P_{1} V_{1}\left(\frac{P_{2}}{P_{1}}-1\right)=\frac{3}{2} \cdot 10^{5} \mathrm{~Pa} \cdot 10^{-3} \cdot 0,2=30 \mathrm{~J}$. Răspuns corect a.\\"
"Preadmitere F aprilie 2024","2024.P.8.","Circuitul din figură este format dintr-un număr infinit de surse de tensiune, fiecare cu tensiunea electromotoare $E$ și rezistența internă $r=2 \Omega$, și un număr infinit de rezistoare, fiecare cu rezistența $4 r$. Știind că intensitatea curentului prin ampermetrul ideal este de $1 \mathrm{~A}$, tensiunea electromotoare $E$ este: (9 pct.)\\","$4(\sqrt{2}+1) V$","$2(\sqrt{2}+1) V$","$2(\sqrt{2}-1) V$","$2 \sqrt{2} V$","$4 \sqrt{2} V$","$2 \mathrm{~V}$","images/2025_08_27_d74d983b3f0f59c27780g-3","a","Rezistenţa echivalentă ($r_{e}$) a circuitului infinit este invariantă la adăugarea unei celule, deci putem scrie $\frac{1}{r_{R}}=\frac{1}{r}+\frac{1}{r_{R}+4 r}$, de aici rezultă ecuaţia:\\ $r_{e}^{2}+4 r_{e} r-4 r^{2}=0$ cu soluţia $r_{B}=2 r(\sqrt{2}+1)$;\\ Acelaşi lucru este valabil şi pentru tensiunea electromotoare echivalentă ($E_{e}$):\\ $E_{e}=\frac{\frac{E_{e}}{2 r(\sqrt{2}+1)}+\frac{E}{r}}{\frac{1}{r}+\frac{1}{2 r(\sqrt{2}+1)}}$, de unde se obţine $E_{e}=E$.\\ Aplicând legea lui Ohm, pe intregul circuit, avem:\\ $I=\frac{E}{2 r(\sqrt{2}+1)} \Rightarrow E=4(\sqrt{2}+1)$. Răspuns corect a.\\"
"Preadmitere F aprilie 2024","2024.P.9.","Puterea maximă debitată în exterior de o baterie formată din 3 surse identice legate în paralel, fiecare cu tensiunea electromotoare de $4 \mathrm{~V}$ și rezistența internă de $6 \Omega$, este: (9 pct.)\\","$2 \mathrm{~W}$","$4 \mathrm{~W}$","$6 \mathrm{~W}$","$12 \mathrm{~W}$","$3 \mathrm{~W}$","$5 \mathrm{~W}$","N/A","a","Tensiunea electromotoare echivalentă a celor trei surse este: $E_{e}=\frac{\frac{3 E}{r}}{\frac{3}{r}}=E$, iar rezistenţa echivalentă a circuitului este $r_{e}=r / 3$.\\ Puterea debitată în circuit este maximă când rezistenţa externă este egală cu rezistenta internă a grupării şi obţinem $P_{\max}=\frac{E^{2}}{4 \frac{r}{3}}=2 \mathrm{~W}$. Răspuns corect a.\\"
"Preadmitere F aprilie 2024","2024.P.10.","Căldura molară la volum constant a heliului ($\mu=4 \cdot 10^{-3} \mathrm{~kg} / \mathrm{mol}$) este $C_{v}=\frac{3 R}{2}$, unde $R=8,32 \frac{\mathrm{J}}{\mathrm{mol} \cdot \mathrm{~K}}$. Căldura specifică la presiune constantă are valoarea: (9 pct.)\\","$5200 \frac{\mathrm{J}}{\mathrm{kg} \cdot \mathrm{~K}}$","$10400 \frac{\mathrm{J}}{\mathrm{kg} \cdot \mathrm{~K}}$","$3120 \frac{\mathrm{J}}{\mathrm{kg} \cdot \mathrm{~K}}$","$6240 \frac{\mathrm{J}}{\mathrm{kg} \cdot \mathrm{~K}}$","$1040 \frac{\mathrm{J}}{\mathrm{kg} \cdot \mathrm{~K}}$","$1400 \frac{\mathrm{J}}{\mathrm{kg} \cdot \mathrm{~K}}$","N/A","a","Din scrierea căldurilor in cele două cazuri prezentate in problemă, rezultă:\\ $\nu C_{V} \Delta T=m c_{V} \Delta T \Rightarrow c_{V}=\frac{c_{V}}{\mu}=\frac{3 \cdot 10^{3} \mathrm{~mol}}{2 \cdot 4 \mathrm{~kg}} \cdot \frac{8,32 \mathrm{~J}}{\mathrm{mol} \cdot \mathrm{~K}}=5,20 \cdot 10^{3} \frac{\mathrm{J}}{\mathrm{kg} \cdot \mathrm{~K}}$. Răspuns corect a.\\"
"Simulare F martie 2024","2024.S.1.","O baterie cu tensiunea electromotoare $E=12 \mathrm{~V}$ și rezistență internă neglijabilă, alimentează un circuit format din trei rezistoare: $R_{1}$ legat în serie cu gruparea formată din rezistoarele $R_{2}$, $R_{3}$ conectate în paralel. Cunoscând valorile rezistențelor $R_{1}=2 \Omega$, $R_{2}=6 \Omega$ şi intensitatea curentului prin circuit $I=2 \mathrm{~A}$, valoarea rezistenței $R_{3}$ este:\\","$12 \Omega$","$10 \Omega$","$5 \Omega$","$15 \Omega$","$14 \Omega$","$4 \Omega$","N/A","a","Rezistența echivalentă a circuitului este:\\ $R_{e}=\frac{E}{I}=R_{1}+\frac{R_{2} R_{3}}{R_{2}+R_{3}}$.\\ De aici rezultă:\\ $R_{3}=\frac{\left(R_{e}-R_{1}\right) R_{2}}{R_{2}-R_{e}+R_{1}}=12 \Omega$. Răspuns corect a.\\"
"Simulare F martie 2024","2024.S.2.","Se consideră circuitul din figură, in care se neglijează rezistențele interne ale generatoarelor și se cunosc $E_{1}=2 \mathrm{~V}$, $E_{2}=5 \mathrm{~V}$ şi $R_{3}=2 \Omega$. Când curentul prin generatorul $\mathrm{E}_{1}$ este nul, cantitatea de căldură degajată prin rezistorul $R_{3}$ într-un interval de 2 ore, este:\\","$14,4 \mathrm{~kJ}$","$12,4 \mathrm{~kJ}$","$144 \mathrm{~J}$","$180 \mathrm{~J}$","$15 \mathrm{~J}$","$20 \mathrm{~J}$","images/2025_08_27_3bb07d46e3cd56c9410dg-1","a","Folosim notațiile din figură:\\ \begin{center} \includegraphics[width=0.4\linewidth]{images/2025_08_27_5ca5e43b13015248f3a3g-1} \end{center}\\ Aplicând legile lui Kirchhoff în cele două moduri de rețea și în cele două ochiuri de rețea ale circuitului obținem:\\ $I_{1}=I_{2}+I_{3}\\ E_{1}-E_{2}=I_{1} R_{1}-I_{2} R_{2}+I_{1} R_{4}\\ E_{2}=I_{3} R_{3}+I_{2} R_{2}$\\ Din condiția $I_{1}=0$ obţinem $I_{3}=-I_{2}$ și $E_{1}-E_{2}=I_{3} R_{2}$, de unde rezultă:\\ $R_{2}=\frac{E_{1}-E_{2}}{I_{3}}$ și $I_{3}=\frac{E_{1}}{R_{3}}$.\\ Energia disipată în rezistorul $R_{3}$ este:\\ $W=I_{3}^{2} \cdot R_{3} \cdot \tau=14400 \mathrm{~J}$. Răspuns corect a.\\"
"Simulare F martie 2024","2024.S.3.","De un tren cu masa $M=100 \mathrm{~t}$, care merge rectiliniu uniform, se desprinde ultimul vagon cu masa $m=10 \mathrm{~t}$. Puterea locomotivei este tot timpul constantă $P=300 \mathrm{~kW}$ iar după desprindere viteza trenului este tot constantă $v^{\prime}=72 \mathrm{~km} / \mathrm{h}$. Considerând că toate forțele de rezistență sunt direct proporționale cu greutatea, distanța parcursă de vagon până la oprire este:\\","$972 \mathrm{~m}$","$729 \mathrm{~m}$","$297 \mathrm{~m}$","$200 \mathrm{~m}$","$900 \mathrm{~m}$","$700 \mathrm{~m}$","N/A","a","Înainte de desprinderea vagonului, viteza trenului este constantă, ceea ce înseamnă că forța de tracțiune $\left(F_{T}\right)$ este egală în modul cu forța de rezistență $\left(F_{R}\right)$. Cum forța de rezistență este proporțională cu greutatea trenului, rezultă:\\ $P=F_{T} \cdot v\\ F_{T}=F_{R}=\alpha \cdot M \cdot g$\\ De aici obținem viteza vagonului în momentul desprinderii: $v=\frac{P}{\alpha \cdot M \cdot g}$.\\ Vagonul se deplasează până la oprire sub acțiunea forței de rezistență\\ $F_{r}=\alpha \cdot m \cdot g$.\\ Din ecuaţia lui Galilei rezultă:\\ $v^{2}=\frac{2 F_{r}}{m} \cdot d$, de unde se obține $d=\frac{P^{2}}{2 \alpha^{3} \cdot g^{3} \cdot M^{2}}$.\\ După desprinderea vagonului, trenul se mişcă uniform cu viteza $v^{\prime}=72 \mathrm{~km} / \mathrm{h}$ având aceeași putere a motorului și forța de tracțiune $F_{T}^{\prime}=(M-m) g \cdot x$.\\ De aici rezultă $\alpha=\frac{P}{(M-m) g \cdot v^{\prime}}$ şi $d=\frac{v^{\prime 3}(M-m)^{3}}{2 P \cdot M^{2}}=972 \mathrm{~m}$. Răspuns corect a.\\"
"Simulare F martie 2024","2024.S.4.","În cursul unui proces în care volumul unui gaz ideal variază invers proporțional cu pătratul presiunii, se observă o creștere de două ori a presiunii. În acest caz, relația dintre temperatura finală și cea inițială este:\\","$T_{f}=T_{i} / 2$","$T_{f}=T_{i} \sqrt{2}$","$T_{f}=T_{i}$","$T_{f}=2 T_{i}$","$T_{f}=T_{i} / 4$","$T_{f}=4 T_{i}$","N/A","a","Legea transformării descrise în problemă se scrie sub forma: $v \cdot P^{2}=c t$;\\ Din ecuația termică de stare rezultă:\\ $P_{i}^{2} v_{i}=\nu R T_{i} P_{i}\\ P_{f}^{2} v_{f}=\nu R T_{f} P_{f}$\\ De aici rezultă $T_{i} P_{i}=T_{f} P_{f}$, adică $T_{f}=\frac{T_{i}}{2}$. Răspuns corect a.\\"
"Simulare F martie 2024","2024.S.5.","Energia cinetică a unui corp este $E_{c}=10 \mathrm{~J}$. Lucrul mecanic efectuat asupra corpului pentru a-i dubla impulsul este:\\","$30 \mathrm{~J}$","$35 \mathrm{~J}$","$50 \mathrm{~J}$","$20 \mathrm{~J}$","$10 \mathrm{~J}$","$100 \mathrm{~J}$","N/A","a","Din teorema de variație a energiei cinetice rezultă $\frac{m}{2}\left(v_{f}^{2}-v_{i}^{2}\right)=L$. Cum $p_{f}=2 p_{i}$ rezultă $v_{f}=2 v_{i}$, deci $L=\frac{m}{2} \cdot 3 v_{i}^{2}=3 E_{ci}=30 \mathrm{~J}$. Răspuns corect a.\\"
"Simulare F martie 2024","2024.S.6.","Căldura specifică la volum constant a unui gaz ideal cu masa molară $\mu=32 \mathrm{~g} / \mathrm{mol}$ și coeficientul adiabatic $\gamma=1,4$ este: (se cunoaște $\mathrm{R}=8,32 \mathrm{~J} / \mathrm{molK})$\\","$0,65 \mathrm{~J} / \mathrm{gK}$","$0,34 \mathrm{~J} / \mathrm{kgK}$","$0,63 \mathrm{~J} / \mathrm{gK}$","$0,3 \mathrm{~J} / \mathrm{kgK}$","$0,5 \mathrm{~J} / \mathrm{gK}$","$0,6 \mathrm{~J} / \mathrm{gK}$","N/A","a","Din relația Robert-Mayer și definiția coeficientului adiabatic se obține:\\ $C_{v}=\frac{R}{(\gamma-1) \cdot \mu}=0,65 \frac{\mathrm{J}}{g \cdot \mathrm{K}}$. Răspuns corect a.\\"
"Simulare F martie 2024","2024.S.7.","Într-o mişcare uniform încetinită, viteza unui mobil la un moment dat este de $40 \mathrm{~m} / \mathrm{s}$, iar după $10 \mathrm{~s}$, corpul se oprește. Accelerația corpului este:\\","$4 \mathrm{~m} / \mathrm{s}^{2}$","$2 \mathrm{~m} / \mathrm{s}^{2}$","$1 \mathrm{~m} / \mathrm{s}^{2}$","$0,4 \mathrm{~m} / \mathrm{s}^{2}$","$0,2 \mathrm{~m} / \mathrm{s}^{2}$","$5 \mathrm{~m} / \mathrm{s}^{2}$","N/A","a","Aplicând legea vitezei pentru mișcarea uniform variată obținem $a=\frac{v}{t}=4 \mathrm{~m} / \mathrm{s}$. Răspuns corect a.\\"
"Simulare F martie 2024","2024.S.8.","Două rezistoare cu rezistențele $R_{1}=2 \Omega$ și $R_{1}=4 \Omega$ se montează în serie apoi in paralel. Raportul rezistențelor echivalente este:\\","$4,5$","$4,2$","$5,2$","$9$","$2,5$","$5,4$","N/A","a","Rezistența echivalentă a grupării serie este $R_{S}=R_{1}+R_{2}$ iar a grupării paralele este $R_{P}=\frac{R_{1} R_{2}}{R_{1}+R_{2}}$.\\ De aici raportul lor este: $\frac{R_{S}}{R_{P}}=\frac{\left(R_{1}+R_{2}\right)^{2}}{R_{1} R_{2}}=4,5$. Răspuns corect a.\\"
"Simulare F martie 2024","2024.S.9.","Lucrul mecanic efectuat de un gaz ideal într-o transformare izotermă în care volumul se dublează este:\\","$L=\nu R T \ln 2$","$L=R \ln \frac{1}{2}$","$L=\nu R \ln 2$","$L=\nu T \ln \frac{1}{2}$","$L=R T \ln \frac{1}{2}$","$L=R \ln 2$","N/A","a","Lucrul mecanic într-o transformare izotermă este: $L=\nu R T \ln \frac{V_{f}}{V_{i}}$. Pentru situația dată, $V_{f}=2 V_{i}$. Răspuns corect a.\\"
"Simulare F martie 2024","2024.S.10.","Un corp punctiform alunecă fără frecare pe suprafața unui cilindru cu raza $R=5 \mathrm{~m}$ de-a lungul arcului de cerc $PO$. Accelerația gravitațională este $g=10 \mathrm{~m} / \mathrm{s}^{2}$. Dacă viteza inițială a corpului este egală cu $0 \mathrm{~m} / \mathrm{s}$, viteza în punctul $O$ este:\\","$10 \mathrm{~m} / \mathrm{s}$","$20 \mathrm{~m} / \mathrm{s}$","$5 \mathrm{~m} / \mathrm{s}$","$2 \mathrm{~m} / \mathrm{s}$","$12 \mathrm{~m} / \mathrm{s}$","$15 \mathrm{~m} / \mathrm{s}$","images/2025_08_27_3bb07d46e3cd56c9410dg-2","a","Din legea conservării energiei mecanice rezultă:\\ $\frac{m v^{2}}{2}=m g R \Righarrow v=\sqrt{2 g R}=10 \mathrm{~m} / \mathrm{s}$. Răspuns corect a.\\"
